"p_val","avg_log2FC","pct.1","pct.2","p_val_adj","gene"
5.69486137208411e-07,2.06589578352924,0.311,0.101,0.0134888486459184,"GCNT1"
8.12651101375546e-07,1.4198041955857,0.525,0.259,0.0192484539871812,"S100A8"
1.69352815127244e-06,1.06359464040111,0.623,0.329,0.0401129077910391,"CARD16"
2.26701743589361e-06,1.41864218632001,0.328,0.111,0.053696574986576,"ICAM3"
2.55820686839971e-06,1.21128804283599,0.607,0.34,0.0605936878849156,"S100A9"
5.19875430801404e-06,1.74997282662183,0.377,0.159,0.12313769453962,"PRKCB"
5.38361121337639e-06,1.97028464149951,0.262,0.085,0.127516215200033,"BST1"
5.97209701773369e-06,1.41870200996562,0.443,0.205,0.14145508996204,"VCAN"
7.4206420738502e-06,0.827107427004059,0.754,0.467,0.175765328161216,"MVP"
1.03849843764176e-05,1.25480398128394,0.377,0.15,0.245978739939828,"RPL26L1"
1.28246308068075e-05,0.942505143783237,0.426,0.181,0.303764205290042,"DIAPH1"
1.45628076773809e-05,1.58502162207248,0.377,0.165,0.344934662646445,"LPPR2"
1.61268522614367e-05,0.93922956500326,0.607,0.334,0.38198062266439,"CWC22"
1.86444413571099e-05,1.08474720975297,0.508,0.262,0.441612237984505,"CD48"
2.37584085502389e-05,1.16562301653611,0.525,0.295,0.562741664920958,"GLIPR2"
2.70590294726208e-05,0.866713521092367,0.475,0.22,0.640920172088495,"TXNL4A"
3.28669892623693e-05,1.49095842575738,0.41,0.198,0.778487507668478,"TWISTNB"
4.73398554137277e-05,1.15241824287669,0.311,0.118,1,"DTYMK"
5.7819362746965e-05,1.15751422425189,0.426,0.208,1,"CLPP"
6.05013757305663e-05,1.85394284755616,0.377,0.188,1,"CD300E"
6.25838477391181e-05,1.46360864645859,0.262,0.094,1,"CRIP1"
7.49345471596341e-05,0.803884576310094,0.672,0.423,1,"CASP4"
8.15622242885005e-05,0.883779806536948,0.705,0.439,1,"CD97"
8.19372945633199e-05,0.722912924124755,0.59,0.329,1,"ABCF1"
8.21959778054289e-05,1.06585809038702,0.377,0.168,1,"TACC3"
8.64828831191392e-05,1.27890515521518,0.311,0.127,1,"LDLRAD3"
8.83054482405741e-05,1.0642213980508,0.377,0.168,1,"AMICA1"
8.8948823742766e-05,1.08506263924895,0.393,0.182,1,"AQP9"
9.34776944851124e-05,1.52776296945298,0.279,0.11,1,"SLC9A3R1"
9.38328335054501e-05,0.696650448927026,0.721,0.441,1,"DHX15"
9.78265823470185e-05,0.784876672301913,0.656,0.431,1,"TIMP1"
9.85513537566302e-05,0.706949101429299,0.426,0.189,1,"PSMG3"
0.000100897911210324,1.05266324833556,0.41,0.195,1,"LOC96610"
0.000110552490491372,0.802190302925092,0.689,0.477,1,"PLBD1"
0.000121698397862337,0.635021602491135,0.803,0.542,1,"PGD"
0.000124621888997948,0.796845656950897,0.574,0.324,1,"SPG20"
0.000127211966026825,1.13098969986085,0.672,0.504,1,"RAB3D"
0.000136633172250617,1.22651812838074,0.344,0.152,1,"MSRB1"
0.000137886367887149,-0.601541768999798,0.82,0.902,1,"ZNF483"
0.000148794763723026,-1.00615952581413,0.541,0.676,1,"RNF222"
0.000152548111476001,0.71683434006745,0.344,0.146,1,"R3HDM4"
0.000158642196801171,0.582815382732071,0.295,0.116,1,"RFX1"
0.000166850403288719,1.00632753619699,0.475,0.256,1,"YPEL2"
0.000172266455869949,0.930894038821776,0.328,0.14,1,"EZH2"
0.000173973803356848,0.940966283851484,0.492,0.262,1,"MCTP1"
0.000175123389939618,2.30847706741707,0.393,0.214,1,"FAM65B"
0.000177142559245115,0.684884924151456,0.639,0.376,1,"NAA15"
0.000185283797703559,0.697964375678897,0.361,0.162,1,"HS2ST1"
0.000193113172900719,1.01882325502767,0.459,0.253,1,"UBE2D1"
0.000199903689528294,0.735709843296218,0.902,0.819,1,"CCNDBP1"
0.000210982502430082,1.07792283420831,0.443,0.238,1,"GYG1"
0.000231918584382999,1.22130316886587,0.262,0.103,1,"SNAI1"
0.00023835145780656,0.73465349080478,0.656,0.445,1,"S100A6"
0.000240551548425541,1.2982595011435,0.328,0.15,1,"CLEC12A"
0.000280847634694532,0.73523605886848,0.672,0.434,1,"TUBA1C"
0.000313939112210366,0.557946962192774,0.77,0.562,1,"PRELID1"
0.000318712618755992,0.811001611711839,0.656,0.451,1,"MXD1"
0.000318810852624397,1.2562313733579,0.311,0.14,1,"DOK2"
0.000350150816235636,0.585282952959314,0.754,0.455,1,"NDUFB3"
0.000367431397900551,0.578070755914284,0.787,0.559,1,"PSMB10"
0.000370991827938227,0.97113289682235,0.59,0.387,1,"SERINC5"
0.000415385937574305,0.660084535625597,0.82,0.623,1,"PLIN3"
0.000433200056659446,1.91120466151655,0.279,0.127,1,"LILRA5"
0.000451263011879606,-1.53496341830408,0.377,0.575,1,"LOC100505812"
0.000454096869080862,1.14900379072941,0.295,0.129,1,"MANF"
0.000468986797380756,0.818579312748097,0.377,0.175,1,"IFRD2"
0.000474255689579342,0.751518275428634,0.59,0.367,1,"PXN"
0.000485092423703497,0.848981081638426,0.443,0.234,1,"FLVCR2"
0.000491381951577323,1.08849178834739,0.344,0.168,1,"AREG"
0.000509452041167823,1.08242100722646,0.41,0.211,1,"INTS6"
0.000520592101679179,1.06781031560191,0.328,0.153,1,"ERN1"
0.000536258241057597,0.736151039296148,0.574,0.334,1,"NAPRT1"
0.000536510319852204,0.761526369025498,0.377,0.178,1,"CCDC22"
0.000543727497238803,0.869905482890674,0.475,0.269,1,"IKBKG"
0.000577555273377791,1.28361653214635,0.311,0.146,1,"FAM45A"
0.000599424560330856,0.846481174748953,0.41,0.21,1,"PREP"
0.000600612959170358,0.835750093942742,0.426,0.223,1,"LACTB"
0.000615471882814371,0.929350530544474,0.377,0.188,1,"VAMP5"
0.000628222514048921,0.815181764820991,0.541,0.334,1,"COX16"
0.000630893838094112,-0.953969638360005,0.328,0.523,1,"ZNF99"
0.000643806435823174,1.08615105516612,0.41,0.224,1,"GORASP1"
0.000654430640169881,0.659093584976773,0.623,0.399,1,"PGS1"
0.000657891627105978,0.657428970867412,0.656,0.402,1,"CHMP5"
0.00071009570790696,0.635039471170762,0.754,0.581,1,"NCF2"
0.000714190572927432,0.792886353509395,0.59,0.395,1,"SOCS3"
0.000721513110622338,0.727065053609737,0.525,0.296,1,"PROSC"
0.00072550784910227,0.763222545603016,0.361,0.175,1,"ZBTB21"
0.000740694841797665,0.807067866557286,0.377,0.182,1,"CCDC94"
0.000749133728671816,1.01768757096798,0.377,0.194,1,"MPST"
0.000763099211154938,0.530429448684914,0.82,0.585,1,"LYN"
0.000774600948149705,0.785340184982517,0.492,0.272,1,"DCTN3"
0.000777721317273787,1.06423786679623,0.279,0.123,1,"SLX1A-SULT1A3"
0.000777721317273787,1.06423786679623,0.279,0.123,1,"SLX1B-SULT1A4"
0.000778757989092324,0.954072000501934,0.426,0.236,1,"IL1RN"
0.000791315555496395,0.738759061757445,0.574,0.344,1,"FIBP"
0.000795480814856782,0.695467630536218,0.639,0.436,1,"UBE2A"
0.000802324860304393,0.598726759763329,0.754,0.5,1,"S100A4"
0.000811135022403819,1.03431047513665,0.262,0.11,1,"ISG20"
0.000817247707932391,0.654220419378765,0.951,0.818,1,"LILRB3"
0.00085079034797304,0.709413469438221,0.574,0.353,1,"TFG"
0.000907516248083554,1.19537957482001,0.295,0.136,1,"SMURF1"
0.000957576109985619,0.64501514169963,0.443,0.225,1,"TMED1"
0.00101258357343055,1.03291182934744,0.295,0.134,1,"LYAR"
0.00107099477607806,0.576831368925608,0.705,0.474,1,"CALCOCO2"
0.00108199674106208,0.649766838693431,0.328,0.153,1,"PTPN22"
0.00109345966500383,0.801122017039194,0.541,0.351,1,"THBD"
0.00109765598536017,-1.145825384442,0.672,0.799,1,"MTMR9"
0.00111584467309187,0.698117915495637,0.508,0.309,1,"DENND1A"
0.00112677314127628,0.792244561536323,0.574,0.38,1,"AGXT2L2"
0.00114470645527528,1.1301375196052,0.443,0.262,1,"CDT1"
0.0011838057065298,0.695200898601535,0.557,0.345,1,"APEH"
0.00119055271284205,0.512519563772764,0.803,0.646,1,"ACBD5"
0.00121843802506098,1.12815609161091,0.459,0.296,1,"FLNA"
0.00123329232829839,0.885276175127866,0.361,0.181,1,"DCTPP1"
0.00125281355143416,1.0105467388145,0.393,0.218,1,"G0S2"
0.00125834517080368,-1.90551575262342,0.574,0.665,1,"ZNF260"
0.00131856709354054,0.704406805192253,0.279,0.124,1,"PLSCR3"
0.00135373255077153,0.83278249417283,0.377,0.195,1,"VRK3"
0.00135744893851393,1.43204154929308,0.311,0.156,1,"PDIA3P"
0.00136660817302763,1.0362399873945,0.262,0.118,1,"AGPAT4"
0.00138005646415938,0.873738925143827,0.426,0.238,1,"COA4"
0.00140441090554393,0.588895793568553,0.705,0.517,1,"ATG3"
0.00141206911131701,-0.659296268565094,0.623,0.749,1,"DAGLB"
0.00141471445414118,1.013625527496,0.738,0.568,1,"CCDC69"
0.00144590503976052,1.73403925341476,0.361,0.198,1,"LILRA3"
0.00146147129712823,0.77941196506937,0.59,0.387,1,"DDX3Y"
0.00146166934499225,0.966029415119876,0.393,0.218,1,"PIK3R4"
0.00148900376548759,0.862486745826279,0.361,0.186,1,"XRCC1"
0.00148905351245251,0.50517797621327,0.82,0.603,1,"ANXA2"
0.00151235980849009,0.585179270066932,0.803,0.669,1,"GNAI3"
0.00151784676956866,0.581365615898609,0.77,0.627,1,"CD55"
0.00152149744345996,0.571019911458556,0.639,0.4,1,"POLR2L"
0.00153399694139637,1.04203748146063,0.311,0.153,1,"BIN3"
0.00153536690638773,0.559326321479409,0.721,0.496,1,"LGALS1"
0.00155030562627972,0.590265156908907,0.656,0.451,1,"SHKBP1"
0.00159962469374877,0.768945724124283,0.541,0.345,1,"OAT"
0.00161204510268748,0.97703408136667,0.541,0.374,1,"RABGEF1"
0.00162020276508862,-0.98654019487502,0.311,0.512,1,"LOC613037"
0.00162931641575057,1.03150504576195,0.328,0.168,1,"DTNBP1"
0.00173995171246104,0.982514556732653,0.377,0.21,1,"MEF2BNB"
0.00179730982183937,0.981056292688475,0.541,0.367,1,"CNN2"
0.00182925259601659,0.934499990453965,0.459,0.283,1,"BRE-AS1"
0.0018764352727556,0.855397394415718,0.426,0.241,1,"MRPL13"
0.0019225166103748,0.957022728236965,0.344,0.182,1,"NOD2"
0.00192782000557239,2.87915932182785,0.41,0.264,1,"CD36"
0.00198305988291423,0.698436559552563,0.525,0.324,1,"TTC1"
0.0020340000299341,0.78555822002823,0.393,0.21,1,"TRAPPC2L"
0.00204224394427741,1.24921579836397,0.393,0.23,1,"ZNF362"
0.00204448551280303,-0.980516213679532,0.377,0.584,1,"PTPRB"
0.00205029913784974,0.767492792590489,0.607,0.475,1,"FGR"
0.00209178100406083,0.606486563223788,0.623,0.408,1,"S100A10"
0.002100529474884,0.705794815296947,0.59,0.409,1,"AZI2"
0.00211203932252053,0.884014502729419,0.426,0.251,1,"RPS6KB2"
0.00211775600569938,0.823169863853993,0.426,0.246,1,"TMEM18"
0.00211984484402914,0.853709186631948,0.262,0.117,1,"GNGT2"
0.00213004796798335,0.671855160702457,0.607,0.405,1,"BASP1"
0.00216892174318123,-1.42502449472701,0.459,0.623,1,"ZNF347"
0.00219310951852066,0.94135111829753,0.492,0.337,1,"EFHD2"
0.00221579164855101,0.542637453608563,0.787,0.597,1,"USP36"
0.00224632220712981,0.61198881789678,0.426,0.233,1,"SPNS1"
0.0022498639298441,0.940118734384981,0.361,0.197,1,"CCDC109B"
0.00229974751783237,-0.833559362805744,0.262,0.484,1,"SYNPO2L"
0.00234833586701894,0.553108809927814,0.59,0.373,1,"PIP5K1A"
0.00236380312150247,0.573498069793564,0.475,0.272,1,"CXorf40B"
0.00240964878665809,-0.676664738404182,0.246,0.431,1,"NOS1"
0.00243457049322078,0.960874855214763,0.295,0.145,1,"GALNS"
0.00244296368146059,0.542115647415783,0.557,0.35,1,"NCOA2"
0.0024575679452235,0.752279802339866,0.475,0.293,1,"PLP2"
0.00248363573569701,0.888935764599545,0.639,0.487,1,"ZAK"
0.00250100735428217,0.917671443345209,0.393,0.228,1,"RAPGEF2"
0.00251548197347495,0.676711550843334,0.311,0.15,1,"MRS2"
0.00253186195465291,0.528070967786761,0.77,0.597,1,"NFE2L2"
0.00258449154898186,0.62466165388893,0.672,0.49,1,"GCA"
0.00261465788278289,0.713758283645469,0.492,0.292,1,"MIEN1"
0.00263989941369313,-0.549205949314876,0.574,0.734,1,"KCNE4"
0.00266809245266481,0.740624279953555,0.41,0.227,1,"MARCH5"
0.00276805512979431,0.652336458955421,0.525,0.322,1,"CKS2"
0.00279516841172664,-0.797161193319855,0.885,0.867,1,"S1PR2"
0.00280054697366311,0.715370062794008,0.41,0.224,1,"FH"
0.002823034661955,0.708885808922233,0.426,0.237,1,"CXorf40A"
0.0028504719992071,0.500545545881608,0.754,0.572,1,"SLC31A2"
0.00286041231353692,0.842126405913551,0.41,0.238,1,"SLC25A24"
0.00289062985727054,1.19916909486484,0.295,0.155,1,"MAGOHB"
0.00289495542067054,-0.594273476797852,0.607,0.714,1,"SLC2A5"
0.00299219871719085,1.03342219934765,0.295,0.15,1,"ZNRD1"
0.00301068808904672,0.777020083630454,0.393,0.223,1,"WDR12"
0.00302202682466904,0.725749750710452,0.508,0.327,1,"GMPR2"
0.00305350564956828,0.68532384095146,0.443,0.259,1,"MAPK1"
0.00305452994985665,0.797102490436755,0.492,0.315,1,"NARF"
0.0030800363705407,0.799496218965164,0.328,0.171,1,"INPP5K"
0.00312198149275112,0.538280017433474,0.705,0.519,1,"LSP1"
0.00313328841932213,0.532041423982542,0.754,0.545,1,"BCL6"
0.00315031388734893,1.04730772554215,0.279,0.137,1,"MCM9"
0.00317169706028069,0.628073178092929,0.623,0.442,1,"PDIA4"
0.0032147498833169,0.602308671781552,0.328,0.169,1,"HDAC7"
0.00327342649730578,-0.83178654180901,0.934,0.915,1,"PACS2"
0.0032807698352385,0.519730959498426,0.738,0.517,1,"SUMO3"
0.00333908476284739,-0.50455984638966,0.311,0.519,1,"OTUD6A"
0.00336895315064454,0.792425098481497,0.443,0.283,1,"RASSF3"
0.00340810247910292,0.519962866864376,0.393,0.218,1,"DGKD"
0.00340848954858963,0.803696458496407,0.295,0.149,1,"LRRC33"
0.00345440146602496,0.730985036095233,0.475,0.288,1,"NSUN5"
0.00348149787537189,1.21732756572685,0.344,0.197,1,"NBEAL2"
0.00349469842422313,0.731635831351863,0.492,0.312,1,"SCFD1"
0.00360404499541051,0.650821382546078,0.393,0.218,1,"LRRFIP2"
0.00379995347628349,0.581001093774363,0.639,0.445,1,"KXD1"
0.00384180687622055,-1.2491563618254,0.213,0.379,1,"GGTA1P"
0.00386558114387914,0.815838387351358,0.426,0.257,1,"AGFG1"
0.00394206918058219,0.617011575218373,0.508,0.303,1,"PGM2"
0.00404767046544978,0.638144923900518,0.607,0.418,1,"MAN2A2"
0.00408940117770027,0.62687847108977,0.541,0.353,1,"C17orf49"
0.00411330200424101,-0.585987954618287,0.754,0.827,1,"NLRC3"
0.00421597705559563,0.98839098792141,0.311,0.171,1,"KLF9"
0.00423386591862624,0.838164804079683,0.525,0.364,1,"ATP2B4"
0.00425104665302683,-0.814622303214153,0.721,0.837,1,"DHTKD1"
0.00427325486609543,0.713014539980205,0.361,0.195,1,"MKI67IP"
0.00434493541431527,0.668100135847079,0.426,0.237,1,"MYEOV2"
0.004414971934455,0.57476929054505,0.574,0.358,1,"RRAGA"
0.00443431862999817,-0.877262605134771,0.41,0.566,1,"LOC728606"
0.00454207592450686,1.113007909119,0.328,0.188,1,"CASP9"
0.00490330089174582,0.932552010022123,0.738,0.587,1,"MEGF9"
0.00492377739663882,0.596818754105661,0.492,0.296,1,"C11orf75"
0.00493969174255484,0.587249457443437,0.426,0.231,1,"NXT1"
0.0049620693356676,0.980972312805792,0.361,0.212,1,"SDAD1"
0.00498548785414522,0.512728380519522,0.623,0.397,1,"MRPL20"
0.00507149255922296,0.726381371747028,0.393,0.225,1,"TMEM120A"
0.00513588874094446,0.606106999910523,0.475,0.293,1,"PSMD3"
0.00515600390598273,0.992915362144725,0.328,0.184,1,"POLR2H"
0.00518621869273231,0.678058257660735,0.475,0.301,1,"CERS2"
0.00519875592734322,0.732265788449042,0.541,0.384,1,"TIMM23"
0.0052346890541415,-0.839442189903641,0.262,0.431,1,"SLCO1A2"
0.00533117855102476,0.535601431471954,0.377,0.199,1,"LSM6"
0.00546882560950029,0.658346207541349,0.492,0.314,1,"APIP"
0.00553244229433826,0.791030999578551,0.41,0.246,1,"YIPF1"
0.00562868559480764,0.539738467954859,0.672,0.501,1,"MYD88"
0.0056395203828837,1.17235479964648,0.262,0.134,1,"PPP1R9B"
0.00564541337707356,0.55671909112608,0.525,0.334,1,"LSMD1"
0.00567150275102607,0.690226415812866,0.393,0.23,1,"ACPP"
0.00570412135885873,0.835901846105979,0.426,0.272,1,"MPHOSPH6"
0.00571231733441092,0.96842275818825,0.311,0.175,1,"CA5BP1"
0.00579201294737027,0.992772151891876,0.311,0.175,1,"MAP2K5"
0.00581217985478013,0.553220062161203,0.492,0.306,1,"C16orf70"
0.00585769135940432,-1.45734824018682,0.164,0.337,1,"ZDBF2"
0.00591111534337556,0.903477963498943,0.344,0.201,1,"LOC100131234"
0.00593647345599437,1.31131763565579,0.279,0.152,1,"MAPK7"
0.00595295528673828,0.876725601008538,0.344,0.195,1,"C19orf38"
0.0059564548788271,0.731587293515107,0.377,0.217,1,"GOT2"
0.0060079999895236,0.515686690383363,0.59,0.383,1,"SRSF4"
0.00602211396599201,0.581059656472003,0.426,0.256,1,"TTC37"
0.00609222848283686,0.868808663758604,0.328,0.181,1,"UIMC1"
0.00612056442642624,-0.600447389156503,0.869,0.9,1,"TSPYL1"
0.00613692432291377,-0.745022381155889,0.541,0.675,1,"ZNF785"
0.00622198120525567,0.602736323058056,0.754,0.63,1,"VPS4B"
0.00622504070005167,0.817608967596904,0.361,0.214,1,"COMMD8"
0.00625090560600036,0.813332798800648,0.361,0.204,1,"MGAT2"
0.00628260454627378,0.540685210951394,0.59,0.386,1,"BECN1"
0.00641744252693742,0.821132421342491,0.721,0.663,1,"AHR"
0.00643094417822992,0.738335613074526,0.623,0.506,1,"DDX21"
0.00644632172898016,-0.613971262437674,0.426,0.617,1,"BIN1"
0.00646864824959699,0.991818455343229,0.426,0.293,1,"SNX20"
0.00654112926623879,0.728699832575927,0.656,0.486,1,"LILRA6"
0.00667034297869361,0.564648813829562,0.492,0.298,1,"CPSF3L"
0.00674230845998758,0.876243969480061,0.443,0.298,1,"RGS18"
0.00675087996653142,0.798900353862172,0.82,0.731,1,"FBXW2"
0.00675512644992234,1.18680598845851,0.475,0.344,1,"CLEC4E"
0.0068981644574569,-0.502175971407566,0.59,0.707,1,"NYAP2"
0.00691753037904615,0.601041476664691,0.393,0.231,1,"ZC3H7B"
0.0069288280045781,0.632851125213434,0.59,0.419,1,"STAT1"
0.00693909346526555,0.7448387658933,0.525,0.373,1,"MORF4L2"
0.00697871388032494,0.559884738479834,0.689,0.542,1,"LILRA2"
0.00717763305379838,0.737212513313756,0.279,0.142,1,"C4orf27"
0.00730834070243245,0.521392715790751,0.574,0.373,1,"CAMTA1"
0.00734023730486332,1.15475453055452,0.311,0.181,1,"RFK"
0.0073626386133863,0.559669455014823,0.623,0.458,1,"FNDC3B"
0.00739799902073416,0.67502945182133,0.525,0.373,1,"SARNP"
0.00742531781489999,-0.932308772852052,0.705,0.806,1,"SLC9A7"
0.00746357580502293,0.510136094170607,0.721,0.561,1,"SND1"
0.00757063408146347,-1.699614463901,0.328,0.473,1,"CD209"
0.00761137746601024,0.643747400632199,0.295,0.158,1,"FAM160A2"
0.00774955311875084,1.27995871451371,0.344,0.214,1,"HDAC4"
0.00777470035879589,0.659803028476099,0.525,0.357,1,"KAT7"
0.00778721750277782,0.651042740358261,0.361,0.205,1,"KDM4A"
0.00778831642779169,0.890137945023018,0.279,0.146,1,"CCZ1"
0.00782723417342604,0.57185455881094,0.59,0.422,1,"UXT"
0.00784272528155313,0.853707502610776,0.426,0.28,1,"TBCD"
0.0078537446781579,-1.1879349857468,0.246,0.419,1,"DNMBP-AS1"
0.00788278610821695,0.605612248128074,0.525,0.351,1,"ERCC3"
0.00788715498452531,0.5003213146297,0.689,0.519,1,"MKL1"
0.00789023796003652,0.652973466551044,0.443,0.269,1,"PPP1R11"
0.0079407523437421,0.930250341030185,0.279,0.149,1,"MOSPD2"
0.0080574865376731,-0.505081759155583,0.885,0.921,1,"LYRM7"
0.00805967777756559,-0.995838801132407,0.311,0.471,1,"KCNQ3"
0.00810818624133827,-0.767602613045439,0.41,0.561,1,"ZNF783"
0.00821667725294306,0.547004001456587,0.557,0.38,1,"KDM4C"
0.00822358385483841,1.07437864523151,0.262,0.137,1,"FAM200B"
0.00830956542652734,0.974528099746122,0.295,0.162,1,"SELL"
0.0083430397724211,0.516433061373163,0.328,0.182,1,"SEMA6B"
0.00837914023400236,0.600289198439613,0.607,0.454,1,"FOSL2"
0.00844400980359607,0.560904601945499,0.492,0.306,1,"TIMM17B"
0.00849248853558529,-0.909431834679072,0.525,0.645,1,"ZNF665"
0.00851361226442782,0.500112279313077,0.492,0.295,1,"PMVK"
0.00855058929795073,0.939720602745542,0.443,0.316,1,"SNX10"
0.00855735850483318,0.607207506291238,0.393,0.234,1,"WBP4"
0.00856633517531108,0.654238967363976,0.295,0.156,1,"LRRC40"
0.00858152779296771,0.592759011513972,0.623,0.467,1,"ARMC8"
0.00861060021410494,0.523439075127761,0.557,0.367,1,"SLC35A4"
0.00861811173509981,1.01804891551917,0.279,0.152,1,"LOC100505716"
0.0086274792263416,0.507048584021459,0.607,0.41,1,"CUTA"
0.0086727640462407,0.596675258528117,0.541,0.363,1,"GNPDA1"
0.00868133874544739,0.647396726779738,0.77,0.605,1,"RAB11FIP1"
0.00879838663916283,0.737654406329131,0.393,0.237,1,"EPB41L4A-AS1"
0.00882084777216054,0.575779092263081,0.656,0.514,1,"ITPRIP"
0.0089426394078285,1.3975008859965,0.279,0.159,1,"SIGLEC16"
0.00900567691911651,0.97625919156958,0.443,0.316,1,"MAFG"
0.00907616398949169,0.525930740967549,0.672,0.514,1,"PPP1R2"
0.00909130323075625,0.609093684750506,0.492,0.306,1,"MRPS24"
0.00915457863957514,1.98451788986189,0.279,0.158,1,"HYMAI"
0.00921627657964756,-0.630590732761987,0.59,0.672,1,"ZNF788"
0.00921896929918439,0.718865412576955,0.426,0.272,1,"PPP1CC"
0.00923326775476725,0.642350569295417,0.492,0.328,1,"NELFCD"
0.00923472840607378,0.633327025386496,0.492,0.316,1,"ZNF280D"
0.00925553967912386,0.642605443628228,0.459,0.296,1,"STX10"
0.00926779195782826,-0.655721498552791,0.361,0.571,1,"SEC22C"
0.00953756532302612,0.54955235732361,0.508,0.338,1,"GPR132"
0.00953786815406423,-0.524047157897519,0.787,0.805,1,"PAXBP1-AS1"
0.00956196384334133,0.833710182245399,0.344,0.201,1,"PSTPIP1"
0.00966021446099499,0.768095400447918,0.41,0.262,1,"ACADM"
0.00979069663980037,-0.541001170658218,0.639,0.724,1,"NPIPL3"
0.00998703021387135,1.03737855898871,0.262,0.142,1,"ANKRD39"
0.0100037023682519,0.727822409910961,0.377,0.22,1,"VPS25"
0.0100096822238763,-0.946463049695168,0.246,0.406,1,"PRR23C"
0.0100439008722595,0.837468106749442,0.377,0.234,1,"DDX54"
0.0101083058821562,0.855721748486838,0.361,0.22,1,"LOC100130357"
0.0102349896818998,1.4235515821229,0.295,0.181,1,"SULT1A1"
0.0102472311494031,0.773112834148799,0.393,0.247,1,"OAS3"
0.0102507297120919,0.544569201160326,0.508,0.334,1,"XPNPEP1"
0.0103055919906504,-1.08111935791766,0.377,0.49,1,"ZNRF3"
0.0103859057972529,0.547930524138238,0.557,0.416,1,"LOC644936"
0.0104667151728434,0.803406937286675,0.344,0.205,1,"TSTA3"
0.0104667162167499,0.920502005245938,0.344,0.205,1,"WRAP73"
0.0106195827461297,1.08390086693015,0.328,0.201,1,"ARL5B"
0.0106488596974387,0.677939838265571,0.344,0.208,1,"BREA2"
0.0107244666631059,0.640210536927952,0.344,0.197,1,"ATG4C"
0.0110729509605899,0.940024632244252,0.262,0.14,1,"SMN1"
0.0111960293400813,0.618651332818881,0.361,0.211,1,"ARL6IP6"
0.0112230340734391,0.758612720366364,0.377,0.231,1,"RARS"
0.0112423097628861,-1.05590302943494,0.656,0.731,1,"ANKRD36B"
0.0112480411303088,0.844036026096685,0.377,0.234,1,"TNS1"
0.0112839048662373,0.847285769236956,0.361,0.223,1,"ASH2L"
0.0113806753892676,-1.5958873325406,0.328,0.448,1,"RYR1"
0.0113835738744397,0.840665024388217,0.377,0.236,1,"DENND1C"
0.0113874368604389,0.515861540741175,0.279,0.146,1,"ELK1"
0.0114525016897566,0.503837486768459,0.59,0.422,1,"CBWD2"
0.0114569731005944,0.596779941649026,0.393,0.238,1,"MYO1G"
0.0114612356763387,0.604580897179632,0.492,0.329,1,"KPNA2"
0.0115160504788775,0.588914041774913,0.574,0.409,1,"JARID2"
0.011598103818121,-1.11022045978307,0.18,0.337,1,"TEKT4P2"
0.01171993775905,-0.50462995657688,0.443,0.582,1,"ARIH2OS"
0.0117373042334681,0.734724356944872,0.344,0.204,1,"SLFN11"
0.011953746959122,0.823210409875805,0.311,0.179,1,"UBE2E3"
0.0120769393053879,0.514581529118732,0.459,0.289,1,"TXNDC17"
0.0121860964178855,0.845504101064972,0.361,0.233,1,"DPM1"
0.0123253286482086,0.776938216940947,0.328,0.198,1,"PIGB"
0.0124085508734157,0.597831202723198,0.475,0.315,1,"FAM21C"
0.0124275484961436,0.760153290644934,0.361,0.22,1,"THBS1"
0.0124336003094755,0.679765669093689,0.295,0.165,1,"IMPA1"
0.0125236252072925,1.05259013929083,0.279,0.159,1,"RNF24"
0.0126598010892291,0.620669912758989,0.492,0.337,1,"IRF7"
0.0127715155293339,0.998203741749605,0.311,0.185,1,"PROSER1"
0.0128194329587244,0.826996620177198,0.311,0.185,1,"RGL1"
0.0128212883431818,0.885676437085887,0.295,0.166,1,"MRPL23"
0.0128512816489626,-0.926253414324581,0.213,0.367,1,"NT5C"
0.0128629394553782,0.692092479642851,0.328,0.189,1,"CHMP7"
0.0128876116874785,0.623498425273144,0.475,0.321,1,"HK3"
0.0129770203009999,0.623709440141099,0.525,0.379,1,"UPP1"
0.0129786589719308,0.679707850138056,0.295,0.16,1,"CYSTM1"
0.0131384848525972,0.510831932857955,0.59,0.421,1,"RIPK2"
0.0131521367402392,-0.960640381060487,0.541,0.688,1,"ZNF662"
0.0131932479736575,-1.49463265095069,0.443,0.553,1,"ZNF429"
0.0134091584152439,0.507182736852536,0.852,0.734,1,"ACAP2"
0.0134917979028533,-0.704464055454391,0.295,0.457,1,"HSPA7"
0.0134937992427769,0.542671241448356,0.262,0.136,1,"MZT2B"
0.0135634117128028,-1.68833763604086,0.197,0.327,1,"TTYH2"
0.0136454065941646,0.589970369804749,0.475,0.315,1,"DYM"
0.013725405894639,0.58273567697257,0.41,0.247,1,"BAK1"
0.013842267133255,-1.12668535970455,0.361,0.473,1,"CD3G"
0.013946600587955,-0.827010770586007,0.754,0.783,1,"KIAA1919"
0.0140655454601667,0.630844485697132,0.541,0.396,1,"DERL1"
0.0141173875981871,0.536032603564235,0.344,0.197,1,"NUP107"
0.0142351890151609,0.601371049935851,0.426,0.269,1,"DPAGT1"
0.0143464652890172,0.51161310751684,0.508,0.342,1,"ECHDC1"
0.0144396074402817,0.777059476260088,0.295,0.168,1,"TSSC4"
0.0145665254112986,0.848208766632523,0.393,0.262,1,"CD1D"
0.0145734273774345,-1.3330215482869,0.443,0.559,1,"LOC100131096"
0.014614442925176,0.687945514655128,0.393,0.247,1,"RALB"
0.0146792924791647,0.561789086634421,0.475,0.314,1,"IER3IP1"
0.0148176846708326,-0.606599891562404,0.852,0.895,1,"NMT2"
0.014832164964444,0.671303472290563,0.525,0.395,1,"KCNAB2"
0.0148475148731066,-0.556869345329066,0.525,0.675,1,"FLJ31662"
0.0150191120356399,0.514215926445819,0.443,0.282,1,"POGK"
0.0150381676504005,0.692276661391641,0.443,0.299,1,"PPP2R3C"
0.015072545427731,0.745047339373617,0.279,0.152,1,"MRPS31"
0.0151020947097934,0.5371880828402,0.607,0.448,1,"SLC20A1"
0.0151021611951386,0.575817901162113,0.443,0.28,1,"BOLA2"
0.0151021611951386,0.575817901162113,0.443,0.28,1,"BOLA2B"
0.0152100955064424,0.526498144469723,0.508,0.338,1,"SIGLEC7"
0.0152561863040369,0.794630013878998,0.344,0.21,1,"EXOSC8"
0.0153006041116341,-1.00769205361924,0.164,0.308,1,"DCX"
0.015305232701081,-0.571768987069061,0.541,0.685,1,"MAF"
0.0153859451140609,0.737494731867835,0.295,0.169,1,"CSPP1"
0.0156069601385989,-0.510302331565131,0.557,0.689,1,"NPIP"
0.0156211043013878,0.67221528437662,0.361,0.221,1,"WDR46"
0.0156272572369837,0.633728973487713,0.311,0.179,1,"STRN4"
0.0156388715430111,0.717398815370722,0.262,0.143,1,"CCDC43"
0.0156821781171043,0.832476338840336,0.557,0.438,1,"FLJ39639"
0.0159173906133265,-0.840969575285061,0.393,0.533,1,"ANKRD36"
0.0159793010635762,0.71303930482763,0.262,0.143,1,"PDE1B"
0.0159937613844057,0.661508686175798,0.426,0.283,1,"RBM14-RBM4"
0.0160739582761859,0.923626091847264,0.689,0.558,1,"SWSAP1"
0.0161953692486266,0.734330615539492,0.262,0.143,1,"TSSC1"
0.0162767295498498,0.553366974888248,0.443,0.29,1,"NDRG1"
0.016283210233274,0.638537703346367,0.295,0.169,1,"SRBD1"
0.0163088370307148,0.69449515890102,0.295,0.168,1,"ZFAND2B"
0.0163281473626567,0.78053980049877,0.295,0.172,1,"BLVRA"
0.0163677832946232,-0.552409725979137,0.508,0.63,1,"GBP6"
0.0163982327306194,0.642085915741355,0.41,0.263,1,"ING3"
0.0164648453386322,-1.314840581159,0.148,0.276,1,"VMO1"
0.016834494835021,0.560160775665935,0.459,0.295,1,"DGUOK"
0.0169617627854569,0.659951132602338,0.311,0.181,1,"PCYOX1L"
0.0170176540549835,0.604236185259502,0.443,0.292,1,"GNG2"
0.0171800146246955,0.589367905962578,0.426,0.275,1,"NCAPH2"
0.0171921173078465,0.762794380390696,0.328,0.192,1,"TMEM164"
0.0172775793876367,-0.59442560278406,0.689,0.753,1,"SKP2"
0.0173193923781361,0.680595954163565,0.426,0.295,1,"TNFAIP8L2"
0.0174627984584429,0.520850453838494,0.508,0.337,1,"ASNA1"
0.0174888581169699,0.519773386052281,0.525,0.367,1,"TRPV2"
0.0175112477901502,0.570289147182101,0.426,0.27,1,"CSTA"
0.0175116329934514,1.29690739104901,0.475,0.358,1,"WHSC1"
0.0175180337719338,0.52317812691963,0.557,0.405,1,"LARP7"
0.0175231452251559,0.541760277262706,0.459,0.308,1,"CKAP5"
0.017642829726249,-1.35539969152333,0.213,0.338,1,"SEMA4C"
0.0176868017540255,1.2831271846279,0.279,0.165,1,"PIPSL"
0.0177050578719188,-1.31562564900295,0.328,0.452,1,"CCDC120"
0.0177107411284618,0.528135743357495,0.311,0.176,1,"NDUFAF2"
0.0178758159595457,-2.18614877442437,0.148,0.283,1,"ZNF773"
0.0179334747246133,0.627646612631269,0.475,0.334,1,"FBP1"
0.0182169251931952,0.579930845001018,0.525,0.376,1,"CAPNS1"
0.0182898482442071,0.830332793989001,0.262,0.149,1,"C5orf22"
0.0183770309614105,-0.614551759994462,0.508,0.649,1,"JPX"
0.0184674837206362,1.20008829466035,0.311,0.199,1,"PITPNA"
0.0184717998688935,0.51591890015318,0.426,0.276,1,"HSDL2"
0.0184766897010633,0.60463623483204,0.361,0.22,1,"THOC6"
0.0185038020058639,0.728609859864187,0.377,0.241,1,"ASCC1"
0.0185081853262462,-1.02680699264896,0.492,0.634,1,"ZNF333"
0.0185530893575476,-0.589004536664949,0.787,0.816,1,"TMEM120B"
0.0185780840690852,0.503913609155587,0.77,0.656,1,"KPNA4"
0.0186398864166119,-1.53893905396184,0.18,0.309,1,"LOC100289511"
0.0186599598678598,0.577585460997319,0.41,0.259,1,"DNAJC1"
0.0187685788462315,-0.70083746759641,0.508,0.617,1,"ZNF492"
0.0188052320339768,-0.573752703332164,0.475,0.634,1,"FLJ30403"
0.0188392970347415,-1.03881287620973,0.262,0.393,1,"CCL16"
0.0189721150132113,-0.660721351596255,0.426,0.575,1,"FLJ13197"
0.0190123869268224,0.616024488785676,0.41,0.263,1,"VAMP7"
0.0190250351445271,0.537305540806792,0.508,0.35,1,"VDAC3"
0.0190657401060234,0.788285387346014,0.262,0.147,1,"KIAA0391"
0.0193229345999453,0.535559873221285,0.607,0.467,1,"GAB3"
0.019329072096803,0.628106678863826,0.361,0.23,1,"SIN3B"
0.0194534346718744,0.900479322178853,0.41,0.289,1,"PBXIP1"
0.0196668758325163,-0.992947367670994,0.197,0.338,1,"PDGFB"
0.019957091307433,0.553296765817512,0.623,0.475,1,"CDC5L"
0.0199847938336846,0.745402272327699,0.41,0.279,1,"PTGS2"
0.0200200746100449,0.532537503961415,0.328,0.194,1,"HSPA14"
0.0200741157131536,0.544227326087584,0.279,0.155,1,"SLMAP"
0.0201475966936745,0.52810656817913,0.377,0.234,1,"MTHFD1"
0.020182086025709,0.581967595766235,0.492,0.337,1,"DNAJB9"
0.0203095880935579,-0.884289720063086,0.311,0.441,1,"EIF5AL1"
0.0205997333005484,0.620943657096735,0.443,0.305,1,"ZCCHC17"
0.0206020861639391,-0.707698639745343,0.344,0.501,1,"C6orf170"
0.0206403405093963,-0.52983569027606,0.934,0.942,1,"ICA1L"
0.0207350496025192,0.597475589753036,0.475,0.325,1,"GCN1L1"
0.0207354125585225,0.635029891588217,0.377,0.238,1,"HCP5"
0.0210196814721214,0.882651151260523,0.41,0.286,1,"LINC00700"
0.0210477016075666,0.701946167265979,0.328,0.202,1,"C12orf10"
0.021090534688188,0.745100853700826,0.377,0.244,1,"LOC100130476"
0.0211739115301375,0.645394020400602,0.443,0.312,1,"NIPSNAP3A"
0.0212343576457418,0.821170894055399,0.328,0.205,1,"GID8"
0.021311660459817,0.547227748248342,0.82,0.669,1,"ERVK13-1"
0.0213659548032626,-0.678292463718936,0.377,0.487,1,"F2RL3"
0.0214564992909432,0.583006094401528,0.311,0.181,1,"PIGP"
0.0216282768288656,0.817355134921927,0.377,0.253,1,"NBN"
0.0216472373734989,-0.664273279698347,0.148,0.286,1,"MYNN"
0.0216804687651678,-0.681044416338917,0.41,0.535,1,"CHRNA5"
0.0218174469677789,0.701447884077264,0.377,0.244,1,"PAPSS1"
0.0218183285671158,-0.507165101830796,0.623,0.694,1,"RASAL2-AS1"
0.0221938339834914,-0.978083628418805,0.344,0.448,1,"SOCS6"
0.0223486934664455,0.878956750285178,0.754,0.714,1,"INIP"
0.0226848617437459,-0.577892280250593,0.328,0.49,1,"LOC100132352"
0.0229781532779922,-1.19075206438209,0.213,0.353,1,"NEDD4L"
0.0230004755857507,0.6330381088215,0.295,0.176,1,"FBXO28"
0.0230468330652775,0.608123924376965,0.328,0.198,1,"PIM3"
0.0230963189575558,0.707907656662903,0.344,0.218,1,"STK38"
0.0234312046888938,0.557765449989993,0.492,0.342,1,"GTF2A2"
0.0235498118373289,-1.13669476056832,0.213,0.328,1,"PNPLA1"
0.0236009537602311,0.540512709675589,0.492,0.357,1,"POLR2B"
0.02374336917537,0.650063376498189,0.475,0.345,1,"CHORDC1"
0.0237738984476577,-0.567003457918841,0.443,0.59,1,"PUM1"
0.0241828685397771,-1.06584889759649,0.311,0.452,1,"TUBD1"
0.0241908528736139,0.643142659616838,0.443,0.306,1,"GPR84"
0.0244328363615721,0.857886489864978,0.295,0.184,1,"RAB24"
0.0245018935978526,-1.28130327028618,0.426,0.527,1,"SYT11"
0.0245491343867446,0.799100276757999,0.311,0.195,1,"MPLKIP"
0.0249695309493339,-0.571105231306142,0.59,0.692,1,"ARHGAP24"
0.0250653183027437,0.853801073524278,0.393,0.256,1,"SBF1"
0.0251678271062493,0.856916052019451,0.377,0.257,1,"MKKS"
0.0252177584947908,0.520663323757832,0.623,0.488,1,"ITGA5"
0.0253315173509807,0.563260454045189,0.525,0.399,1,"SDF4"
0.0254039459395212,0.747604838853753,0.361,0.24,1,"YKT6"
0.0256529443115663,0.593430648830912,0.393,0.26,1,"RC3H2"
0.0257122479064083,0.501315852008585,0.377,0.234,1,"POLR2C"
0.0260592776613689,0.535781902758493,0.279,0.16,1,"WDR5"
0.0260832372734089,0.676916168643523,0.344,0.221,1,"GTF2H1"
0.0260845783472787,0.588144877367908,0.443,0.292,1,"MRPL43"
0.0261480103630337,0.585181833938516,0.459,0.325,1,"COPS3"
0.0261583642059684,0.659330719236414,0.279,0.162,1,"ZCCHC9"
0.0262322991426766,0.635178065119485,0.295,0.176,1,"CBX1"
0.0262603843712019,-0.93520282058232,0.443,0.553,1,"RAB22A"
0.0262683790465718,0.549376709871322,0.525,0.386,1,"MSL3"
0.0263670596889867,0.660296531174267,0.377,0.251,1,"ESCO1"
0.0263794999562742,0.568848011717275,0.279,0.162,1,"KLHL15"
0.0263800390455315,0.823814174755672,0.295,0.181,1,"CCDC57"
0.026784027501568,0.785708031439101,0.393,0.273,1,"EIF3J"
0.0269684631950355,0.549535213671658,0.393,0.254,1,"ETHE1"
0.0273060120494697,0.503102905793242,0.541,0.395,1,"GPS2"
0.0273465805114382,-0.600852834032099,0.377,0.51,1,"AQP4-AS1"
0.0273812162066286,0.542584057430108,0.492,0.338,1,"RPS19BP1"
0.0274368638234667,0.696833347683111,0.311,0.191,1,"RNASEH1"
0.0276459295766874,0.630240279582089,0.393,0.263,1,"FAM214B"
0.0278564914940339,-1.09670490086378,0.705,0.718,1,"AASS"
0.028034044112702,0.51272299567612,0.262,0.15,1,"PIAS4"
0.0281403477417267,0.544598278669879,0.787,0.763,1,"OGDH"
0.0281847580522687,0.668056574070265,0.295,0.176,1,"GMPPA"
0.0283435417635931,-1.61823689108556,0.23,0.376,1,"ZNF839"
0.0284416885574283,-0.536045622043573,0.557,0.671,1,"SIGLEC8"
0.0284789532645999,0.781607451578403,0.738,0.652,1,"CDC40"
0.0284836502350214,0.653478369943989,0.525,0.416,1,"FXR1"
0.0288480279508815,0.542243385587205,0.377,0.241,1,"KLHL9"
0.0288813132353717,-0.897286081628119,0.311,0.435,1,"LOC100507501"
0.0288835505807508,0.531334509300234,0.41,0.262,1,"UBL7"
0.0288854527150263,0.810558846714887,0.508,0.387,1,"ZNF480"
0.0290834451561764,0.576358809465057,0.344,0.214,1,"PTBP2"
0.02920072319787,-0.538290601862667,0.639,0.733,1,"TACC1"
0.0294005061126321,0.691895494917991,0.295,0.178,1,"BLMH"
0.02946080407719,0.618163790653419,0.311,0.185,1,"SURF1"
0.0298746762941923,0.71322619466373,0.443,0.324,1,"RNF2"
0.0298762942399061,0.671880072398982,0.475,0.374,1,"USB1"
0.0299835398648236,0.624332231260379,0.328,0.201,1,"EIF2D"
0.0299930292823821,0.586863590644722,0.508,0.389,1,"C3orf58"
0.0300800366852137,0.518342147330055,0.852,0.841,1,"SS18"
0.0301795301617454,1.04448768158816,0.311,0.202,1,"IP6K1"
0.0303885043487632,-0.816796358605735,0.262,0.396,1,"SEPT7P2"
0.0304486588797217,-0.56667558208875,0.557,0.666,1,"OGT"
0.0307119327766819,0.663770323950882,0.344,0.225,1,"NUP160"
0.0308600188177617,-0.911261995972762,0.246,0.361,1,"XIST"
0.0309561365689106,-0.540688182537909,0.328,0.474,1,"LOC440173"
0.0310137501106715,0.533780422543188,0.459,0.318,1,"RPL36A-HNRNPH2"
0.0310642994057134,0.716769496788638,0.344,0.227,1,"TMEM168"
0.0311097801112295,0.671954259875791,0.525,0.399,1,"IMPDH1"
0.0311376454599763,1.27783617531943,0.295,0.194,1,"LOC440896"
0.0311501892620557,0.844763884150804,0.754,0.749,1,"PCGF5"
0.031174500277006,0.504268612417111,0.574,0.439,1,"CSK"
0.0312766857430445,0.524369890485159,0.295,0.176,1,"LRRC8D"
0.0315566938689844,0.500122109434195,0.475,0.328,1,"BET1L"
0.0316102303932078,0.526254244743025,0.311,0.186,1,"ACTL6A"
0.0317091657763853,0.703961169207286,0.426,0.305,1,"PKN1"
0.0320018834924683,1.12743254098074,0.262,0.159,1,"ARID3A"
0.0321246561893683,0.588109752834721,0.59,0.462,1,"LHFPL5"
0.0322234917141314,-0.723204543270569,0.459,0.54,1,"NEMF"
0.032273534644048,0.564972924751571,0.492,0.361,1,"CCDC97"
0.0323861868994735,0.709368256675536,0.393,0.257,1,"ZFAND3"
0.0324167658621359,-0.676325278021347,0.328,0.455,1,"OR51E2"
0.0325113646215267,0.992164368483634,0.328,0.227,1,"TRAPPC6B"
0.0325303932535049,0.584668198310961,0.426,0.289,1,"LY6E"
0.0327089487016594,0.532991837690158,0.361,0.225,1,"NAGPA"
0.0327781483117697,0.917343056130582,0.279,0.176,1,"RARA"
0.0332572246396895,0.661803652462481,0.295,0.182,1,"TSEN34"
0.0332593160576879,0.52291652516097,0.41,0.28,1,"SEPT9"
0.0333077184846761,0.566885290062048,0.426,0.295,1,"GNL2"
0.0333373142681051,0.814744028511089,0.295,0.185,1,"MYCBP"
0.0334827252771531,0.617099842161946,0.377,0.256,1,"CNTN4"
0.033608836705435,0.630492559946814,0.475,0.347,1,"SMCHD1"
0.033786348646129,0.580493847201033,0.426,0.299,1,"DHRS4"
0.033808789820274,-0.704213446595593,0.492,0.587,1,"UBE4A"
0.0340335893764394,0.610672046369735,0.279,0.166,1,"MTERFD2"
0.0340649959914298,-0.737860039801818,0.672,0.702,1,"PPP1R12B"
0.0342782303478243,0.634957971417142,0.131,0.262,1,"KIF14"
0.0344984376421114,-0.507846925449763,0.443,0.582,1,"EVL"
0.0345885297388617,0.854796918910227,0.328,0.221,1,"C17orf107"
0.0347784159133465,0.654197973097251,0.656,0.566,1,"KCNE3"
0.0353470047768464,-0.653444897723911,0.82,0.864,1,"CXorf56"
0.0356310973701549,-1.47091287891579,0.279,0.4,1,"PDE7B"
0.035633686071575,0.690563437682828,0.311,0.197,1,"SNRK"
0.0357698852687949,-0.823832471852531,0.246,0.355,1,"ARL2"
0.035896052347818,0.590508053255648,0.426,0.305,1,"ITGA4"
0.0359799483012839,0.571973788093032,0.361,0.237,1,"MED16"
0.0360229349777658,0.661198069384205,0.262,0.155,1,"MRPS2"
0.0360491281871333,0.660134434346431,0.41,0.288,1,"VDR"
0.036323806440286,0.531734685560516,0.361,0.234,1,"ALG8"
0.037494756432322,0.598780854977646,0.393,0.269,1,"CACNA2D4"
0.0377949659393293,0.522005940937137,0.344,0.223,1,"POP4"
0.0378388974881674,-0.748277602867365,0.164,0.292,1,"DFNA5"
0.0381364346732551,0.518733588624772,0.426,0.295,1,"GTF3C6"
0.038148716255485,0.515038114896333,0.672,0.525,1,"ZMYM2"
0.0382833317019503,0.575807816742766,0.885,0.809,1,"KIF1C"
0.0382968139741163,0.747135422730915,0.295,0.186,1,"FAM83H"
0.0384799736299136,0.71679865622767,0.328,0.215,1,"FAM104A"
0.0385353306428339,0.548933423273199,0.525,0.38,1,"MLL"
0.0390534533590709,-0.983216030227254,0.148,0.262,1,"TMEM68"
0.0391303439408532,-1.55539056847657,0.197,0.312,1,"LOC728613"
0.0392274718344601,0.980808966114467,0.311,0.205,1,"ZNF552"
0.0394906997118813,0.661390154878434,0.869,0.812,1,"FCAR"
0.0394951498479025,-0.887867473175648,0.426,0.496,1,"DMBX1"
0.0395678554535829,0.547044331967718,0.525,0.405,1,"ACSL3"
0.0400531137184505,-0.52127361985062,0.279,0.384,1,"SHANK2-AS1"
0.0404978932520631,-1.45106905316772,0.164,0.272,1,"DTNA"
0.0405983966183692,-0.554999750640221,0.377,0.516,1,"ABCG1"
0.0411157387040757,-0.537721271238013,0.656,0.769,1,"WDR91"
0.0411878556318253,0.580276206432381,0.377,0.257,1,"FBXL15"
0.0417725844934131,0.568126194850405,0.311,0.194,1,"C20orf24"
0.0417828432180995,0.572713411123252,0.393,0.269,1,"FAM46A"
0.0417881424968896,0.561682399006333,0.459,0.341,1,"CCDC124"
0.0418488712812641,0.614489011573174,0.279,0.173,1,"DARS2"
0.042276060067293,0.508238397640123,0.377,0.253,1,"FEM1C"
0.0427408642792587,0.572049472526079,0.377,0.259,1,"SULT1A3"
0.0427408642792587,0.572049472526079,0.377,0.259,1,"SULT1A4"
0.0429190446762411,0.566174763298359,0.311,0.195,1,"NTPCR"
0.042961852662861,0.636531126609382,0.279,0.176,1,"MFAP3"
0.0429630979017893,0.57980064398577,0.295,0.184,1,"MTM1"
0.0433649885776932,0.530203021708465,0.295,0.178,1,"EEF1E1"
0.0434631599091307,0.783111949700048,0.738,0.678,1,"NSL1"
0.0434919905763859,0.564125125524801,0.361,0.243,1,"CD300LB"
0.0434968302173602,-0.893298923533385,0.23,0.357,1,"MTHFD1L"
0.0435748370645446,0.531454247311077,0.426,0.306,1,"NCEH1"
0.0438114929664485,0.502753586736421,0.262,0.152,1,"BOLA3"
0.0440013725731557,0.544471600201969,0.262,0.156,1,"PRMT5"
0.0441991161944831,-0.593294664965872,0.754,0.819,1,"PGM2L1"
0.0442391582037454,0.65730759266873,0.328,0.217,1,"SLC9A7P1"
0.0442440254265797,0.554470852532753,0.262,0.155,1,"FZR1"
0.0443015276235443,1.30027387591801,0.393,0.305,1,"SIRPB1"
0.0444095803925911,-0.770919871437525,0.557,0.653,1,"SFXN1"
0.044442631277823,-0.799633017231447,0.443,0.558,1,"FAM213A"
0.0445233986708163,0.537944736831454,0.279,0.169,1,"ZNF259"
0.0445289201868018,-0.522263235144634,0.18,0.302,1,"C6orf132"
0.0445714295532002,-0.637027597946121,0.361,0.503,1,"TP73-AS1"
0.0446228099561368,0.563420526046774,0.377,0.253,1,"DYNLT3"
0.045256724504328,0.602491562350282,0.377,0.26,1,"COPS8"
0.0454641400450626,0.673239384388432,0.279,0.173,1,"CMAS"
0.0458334865526163,-0.868735500895314,0.41,0.516,1,"KIAA1751"
0.0458452825925405,-0.625581079333668,0.393,0.5,1,"PDPN"
0.0460298201370303,-0.812824527285399,0.574,0.675,1,"ZSCAN2"
0.0460669813273028,-0.909060429607181,0.213,0.321,1,"POU2F3"
0.0461321703380427,0.899022885597851,0.295,0.198,1,"ELF4"
0.0462989684845128,0.525498336352197,0.311,0.198,1,"C8orf76"
0.0465370168531248,0.738653385706895,0.295,0.191,1,"ALMS1"
0.0466231869018302,0.579357525009578,0.443,0.332,1,"TIMM17A"
0.0466519983302205,-0.666650106505608,0.607,0.702,1,"TRIM45"
0.0470960732590303,0.631420240311075,0.377,0.266,1,"C1orf123"
0.0473520092483833,0.533052882647587,0.311,0.202,1,"TBCK"
0.0476373379924031,0.812206579939789,0.295,0.194,1,"RIPK3"
0.047641405828519,0.501372161171952,0.443,0.319,1,"NDUFAB1"
0.0476420868193162,-0.994341759341448,0.197,0.316,1,"HLA-DPB2"
0.0478175134643044,0.683631054900292,0.41,0.293,1,"FEM1A"
0.0479262540037743,-0.796063076883466,0.262,0.373,1,"CTTNBP2"
0.0480150527935105,1.16723921571376,0.295,0.198,1,"CLMN"
0.0489722425130082,-0.730624581524128,0.902,0.868,1,"COX18"
0.0490677124815527,0.76874980144288,0.344,0.247,1,"PDLIM7"
0.0494008758311467,0.527498479391883,0.393,0.282,1,"NDE1"
0.0494264877388774,0.504664454264663,0.459,0.338,1,"METTL23"
0.0495612905162046,0.641404467477887,0.475,0.342,1,"GSDMC"
0.0498479055093838,0.9680532096038,0.262,0.166,1,"EHD1"
0.0503762822074711,0.857300269199528,0.295,0.192,1,"VPS13A"
0.0506384303622941,-0.631771736296581,0.393,0.496,1,"CCL4L2"
0.0506969273283627,-1.80681036251337,0.164,0.257,1,"B4GALT4"
0.0508462094525272,-0.6354569713325,0.279,0.405,1,"LINC00439"
0.0510296051203369,-0.628961638463905,0.393,0.496,1,"CCL4L1"
0.0513894544138688,-0.79210643423238,0.262,0.377,1,"SEPP1"
0.0514221222619808,0.578225926111412,0.262,0.159,1,"TMEM199"
0.0516125188820396,0.606154087660946,0.557,0.435,1,"HSH2D"
0.0516859402516169,0.699764499492125,0.279,0.179,1,"FAM118B"
0.0517493405450343,-0.922809132515848,0.393,0.487,1,"GNG7"
0.0519177615424841,0.500850241840263,0.443,0.319,1,"CNIH4"
0.0520378880432291,-0.80888149641546,0.59,0.724,1,"ZKSCAN1"
0.0520833129539726,-0.862578453481927,0.541,0.629,1,"ZCCHC4"
0.0522354990883677,0.704332008490566,0.361,0.254,1,"TMPRSS11B"
0.0523817669400666,-0.825285376219601,0.279,0.392,1,"LOC648987"
0.0527095736297,0.872956038184409,0.262,0.171,1,"CDC42EP3"
0.0529094095573697,1.88304120699927,0.328,0.221,1,"STEAP4"
0.0534028759491461,0.986103434862848,0.262,0.169,1,"LOC100133161"
0.0534862662250817,0.519543643239597,0.344,0.23,1,"UNC45A"
0.0535366293085308,0.699566448058853,0.41,0.302,1,"NSUN2"
0.0535486574947785,0.589540888539978,0.328,0.212,1,"PLGRKT"
0.0538717677847634,0.524707337585955,0.262,0.162,1,"CLN6"
0.0539129544411836,0.714320517040203,0.541,0.46,1,"COX15"
0.0539389675618517,0.629010666685801,0.328,0.221,1,"DNPEP"
0.0539515869162479,-0.531448743860597,0.738,0.789,1,"WHAMM"
0.0540476551173168,-1.0073123428693,0.246,0.335,1,"EBI3"
0.0541295765867528,-0.859897673559977,0.623,0.669,1,"TMOD2"
0.0542567306674043,0.673724939178031,0.41,0.299,1,"MCMBP"
0.0543403861642886,-0.834975327520525,0.164,0.276,1,"PATE4"
0.0550029206051694,0.673910939411689,0.426,0.325,1,"USP39"
0.0552603769099465,0.992714389295596,0.295,0.202,1,"KIAA0922"
0.0552610910545806,0.734336068218838,0.344,0.237,1,"AFG3L1P"
0.0553930580973137,0.71903110932479,0.41,0.308,1,"CHEK1"
0.0558078871029828,0.507043316880658,0.377,0.251,1,"DUT"
0.0560722191830749,-1.01016272675792,0.328,0.421,1,"LMF2"
0.0562012151917699,0.539505355281505,0.459,0.351,1,"DGKA"
0.05640711706235,-1.31791898143456,0.311,0.429,1,"BDH1"
0.0567605473393439,-0.619056560797846,0.18,0.295,1,"SLC2A4"
0.0575608229571097,0.619664964199416,0.295,0.197,1,"NFE2L3"
0.0576664770170996,0.513054433981567,0.377,0.263,1,"SAMM50"
0.0585394485410273,0.530383759589919,0.279,0.175,1,"MAPKAPK5-AS1"
0.0589742458500258,0.521070174119848,0.508,0.403,1,"HSPA4"
0.0593337166033697,-0.659965314930751,0.443,0.566,1,"ZNF620"
0.0598583273136876,0.506016924596508,0.426,0.314,1,"PAQR8"
0.0599728682801528,0.66495211002918,0.393,0.286,1,"HERC4"
0.0601808081712598,0.521879019939571,0.426,0.316,1,"CLEC4A"
0.0603648954550833,-0.556016836055684,0.623,0.684,1,"IDO1"
0.0604054555526593,0.515968256631981,0.262,0.168,1,"ENTPD7"
0.0605785584059696,0.512012978244467,0.475,0.366,1,"PLOD1"
0.0608233586933215,-0.531804395067041,0.574,0.707,1,"MPRIP"
0.0608847936192251,-1.12871776562616,0.213,0.303,1,"CENPT"
0.0614301696969568,0.612910139695155,0.311,0.205,1,"UBAP2"
0.0615587205756625,-0.701180640807792,0.541,0.639,1,"SLC25A34"
0.0615676021203215,-0.79190188801775,0.836,0.838,1,"DBT"
0.0618623738682156,0.838203256879059,0.279,0.186,1,"DNMBP"
0.0618953931766905,0.506493660965689,0.361,0.254,1,"CASP3"
0.06192145003364,-0.526659464231087,0.492,0.571,1,"LOC440970"
0.0621300529201978,0.807054696387308,0.311,0.224,1,"RNF185"
0.0623736138839006,0.521201048066424,0.787,0.715,1,"TMOD3"
0.0623911860759008,0.517466793875362,0.426,0.311,1,"CLPB"
0.0625193946864811,0.615811048809659,0.311,0.211,1,"XPO7"
0.0627168206046676,0.63302780257888,0.623,0.532,1,"MRPL49"
0.0629458390562531,1.16659640408545,0.262,0.181,1,"JMY"
0.0631091469848021,-0.763900676316112,0.459,0.543,1,"DENND4C"
0.0631120640592604,0.659054221034261,0.377,0.28,1,"CCRN4L"
0.0631392095924329,-0.737872225211699,0.525,0.61,1,"TNFRSF9"
0.0634563944902084,0.559277926547447,0.311,0.208,1,"TLR8"
0.0636753997079346,0.677364464129229,0.492,0.406,1,"DHRS4-AS1"
0.064279277367904,0.709877954619712,0.328,0.23,1,"FAM219B"
0.064310201391759,0.654540037932058,0.262,0.168,1,"SMYD3"
0.0644924070759955,0.586969888983586,0.328,0.218,1,"TMEM115"
0.0645414584936086,0.610424962588976,0.639,0.587,1,"MRPS10"
0.0647372154619668,-0.80206905901369,0.721,0.754,1,"TIGD1"
0.0648605098855586,-0.600585556987543,0.475,0.566,1,"ZNF2"
0.0651491901196921,0.600006350810279,0.508,0.415,1,"CDK11B"
0.0658963472510476,0.582086183437356,0.311,0.205,1,"ANTXR2"
0.0661177477675785,-0.58550514934678,0.18,0.288,1,"ZNF667"
0.0665904297991215,0.600187965856573,0.295,0.195,1,"SPHK2"
0.0669187748730439,1.07729387704292,0.311,0.217,1,"FLJ41941"
0.0673942218974817,0.534347291081589,0.41,0.298,1,"MRPS15"
0.0675503940146024,0.944767905393218,0.262,0.181,1,"POLL"
0.0685190707149735,0.513177295971055,0.41,0.301,1,"NADK"
0.0685500651955884,-0.672868594022668,0.328,0.416,1,"PSMD6"
0.0685953118600619,0.549933451304748,0.311,0.207,1,"FHL3"
0.0687595674936956,-0.778574341617439,0.328,0.416,1,"GPR1"
0.0693315671876336,0.566173649728862,0.295,0.197,1,"WIBG"
0.0697696460930929,0.617464851953689,0.262,0.169,1,"SIGLEC5"
0.0698167022237121,0.756359847189486,0.262,0.173,1,"UBR7"
0.0699173899551196,0.521106080125961,0.574,0.497,1,"RNF166"
0.0699703512892264,0.591841521476605,0.295,0.198,1,"ENOX2"
0.0705513096447081,0.772808756448293,0.262,0.171,1,"SLC38A6"
0.0709163150422812,0.578343484073304,0.262,0.169,1,"NAB1"
0.0716528253280635,-0.589768058587879,0.689,0.738,1,"MIRLET7BHG"
0.0717976335353648,0.545933640985029,0.41,0.29,1,"CUL3"
0.0719083378904673,0.660342707763134,0.377,0.272,1,"UPF3A"
0.0721165308454691,-0.550967822574155,0.344,0.444,1,"ANKRD45"
0.0721918757429827,-1.17498786536724,0.311,0.421,1,"SOCS4"
0.0723009430777922,-1.15433592531313,0.328,0.419,1,"MEGF8"
0.0724606771979698,0.581017674225721,0.295,0.197,1,"LTV1"
0.0730849944357709,0.550386365047549,0.344,0.24,1,"FBXL12"
0.0731383951451785,-0.517179832673909,0.213,0.327,1,"CTBP1-AS1"
0.0733024801154141,0.576663503036574,0.377,0.273,1,"RCN3"
0.0735804097561286,0.596495263763581,0.344,0.241,1,"TMEM208"
0.0737476556100271,0.54755543974567,0.311,0.214,1,"NUP133"
0.0738484105868204,-0.583398945010094,0.426,0.542,1,"LOC440243"
0.0749242261708176,-0.869033099935852,0.443,0.491,1,"C2orf83"
0.0752724494802452,-0.86319205814257,0.475,0.571,1,"TOR4A"
0.0755118506043879,0.625196496150025,0.279,0.184,1,"DCUN1D3"
0.0755134815430522,-0.684286963425135,0.738,0.756,1,"UBN2"
0.0755211997889038,-0.689851678343117,0.213,0.328,1,"SCML4"
0.0763161319680103,-0.682891362709975,0.426,0.509,1,"APPL2"
0.076480187288748,0.870141550905791,0.279,0.194,1,"C3orf17"
0.0765772556673001,0.920604330449313,0.262,0.178,1,"KIAA0586"
0.0766996541334561,0.527566880142653,0.328,0.223,1,"CHN2"
0.0778696582906036,-1.13950658604154,0.361,0.438,1,"SSBP2"
0.0783913245436189,-0.68650869385691,0.213,0.318,1,"LOC157273"
0.0788690968719977,0.630483506245668,0.279,0.185,1,"CUL4B"
0.0788742363062638,0.521779461181348,0.443,0.344,1,"CHCHD3"
0.0790543792875148,-0.507783595778809,0.508,0.601,1,"LOC100287792"
0.0795577506820654,0.683445880486944,0.41,0.319,1,"ATP9B"
0.0800230003584812,-0.845492792207311,0.23,0.327,1,"CLIC4"
0.0803831551520173,-0.610572621285435,0.197,0.308,1,"KLHDC2"
0.0812317629662834,-0.556463273626896,0.41,0.525,1,"UPK1B"
0.0813269640931223,-0.505085064010912,0.607,0.723,1,"TERF1"
0.0817442580224094,0.522978498238444,0.361,0.263,1,"PRR23A"
0.0818267461457584,0.597832312650631,0.393,0.292,1,"MALT1"
0.0818861505464471,-0.654521741108981,0.475,0.574,1,"CLEC2D"
0.0835756049554674,-1.31062207314667,0.246,0.358,1,"HERC2P7"
0.0838068118806714,0.5315777381052,0.656,0.603,1,"VPS41"
0.0844220843195733,0.545762321227539,0.738,0.663,1,"AP5B1"
0.0844708112728561,0.757613865293428,0.311,0.22,1,"FDX1"
0.0844948115879125,0.600895862523725,0.262,0.169,1,"SBNO2"
0.0845042859100463,0.555092426962332,0.279,0.188,1,"SH3PXD2B"
0.0850844482776231,-0.894199007166079,0.246,0.338,1,"CPED1"
0.0850934326939883,-0.869170735845099,0.295,0.379,1,"LOC256880"
0.0853603372920037,0.582729819307348,0.82,0.815,1,"CPPED1"
0.0858785757113541,-0.580876621567558,0.279,0.363,1,"GPX3"
0.0859754573174097,0.628907269494497,0.344,0.249,1,"CERKL"
0.0865125463064692,0.721731275608831,0.344,0.257,1,"DLST"
0.0867666879853114,-0.653469550301555,0.18,0.286,1,"STAG3L4"
0.0870556522209244,0.575324270643865,0.475,0.39,1,"SEC24B"
0.0872559633009477,0.524007193522421,0.361,0.263,1,"UNC13D"
0.0879472560782017,0.977690668551084,0.344,0.266,1,"CAPN2"
0.0879605396592515,-0.620018378505965,0.574,0.662,1,"RAB33B"
0.0880614678605931,-0.693550201283666,0.23,0.325,1,"PKIB"
0.0881543065228451,-0.547178603394455,0.443,0.517,1,"SULT2A1"
0.0881777062228817,0.628769204541734,0.377,0.295,1,"COMMD10"
0.088524469846161,0.714159558066488,0.311,0.224,1,"RPS6KC1"
0.0896304018035169,-0.991754437337974,0.328,0.397,1,"NFATC3"
0.089665362645132,0.705805634671495,0.262,0.181,1,"DKFZP586I1420"
0.0912161329695822,-0.856634021598106,0.213,0.316,1,"TMEM220"
0.0914610926089576,-0.689964515364184,0.754,0.775,1,"MLLT6"
0.0918173524195067,-0.644282143216239,0.574,0.658,1,"SSH1"
0.0919416763983929,-0.634751242186853,0.295,0.393,1,"CSGALNACT1"
0.0923996000852195,0.501362088420211,0.295,0.201,1,"C6orf47"
0.0927491369966781,1.06264566623854,0.279,0.191,1,"ANKRD20A19P"
0.0929655913402407,-1.19471307578357,0.197,0.286,1,"USP42"
0.0930197859890354,-0.5089528388648,0.525,0.61,1,"C9orf85"
0.0933145911640381,0.678627159181095,0.738,0.762,1,"ZNF555"
0.0934193647111405,-0.549617742785541,0.459,0.532,1,"PAQR7"
0.0944153062455082,-0.575018404963361,0.607,0.649,1,"UBOX5"
0.0944467924030399,1.56086615320285,0.344,0.264,1,"MPP7"
0.0946134491627883,1.21932808582282,0.311,0.237,1,"EPT1"
0.0949987087311862,0.623266504509504,0.279,0.192,1,"RNASE1"
0.0964206998202209,0.628948240762827,0.262,0.178,1,"IL1A"
0.0965866434945684,-0.883262515580618,0.443,0.507,1,"GLS"
0.0966788614233631,-1.21958247926136,0.279,0.364,1,"NKD1"
0.0968368275905723,0.811584764547292,0.475,0.384,1,"CR1"
0.0970668704967418,-0.675698386351352,0.459,0.536,1,"LOC100131089"
0.0970805078207901,-0.631982347234215,0.311,0.403,1,"SRGAP2D"
0.0971278855813193,-0.532515270009557,0.18,0.28,1,"LOC100130000"
0.0974448335611422,-0.651090758335932,0.361,0.448,1,"SRRM2-AS1"
0.0978183779353695,0.535934630512596,0.607,0.507,1,"PTGES3L"
0.0981609061862006,0.671820421128329,0.295,0.205,1,"SLC12A2"
0.0984040989409824,-0.999128144277598,0.639,0.64,1,"ZNF543"
0.0995486019612732,0.711589767263016,0.738,0.736,1,"PLAC8"
0.100177842009006,-0.516101326493725,0.197,0.309,1,"SSTR2"
0.100576103059585,0.530867734870582,0.295,0.202,1,"CIAPIN1"
0.101493488533889,-1.37647437037531,0.164,0.251,1,"DNHD1"
0.102252181580304,-0.57976970559505,0.639,0.744,1,"C2orf91"
0.102319560697652,-0.563353779160029,0.328,0.425,1,"MAGEB10"
0.103955582161905,-0.68406481721315,0.361,0.455,1,"NAIF1"
0.104360179173227,0.615978398963753,0.311,0.225,1,"DHDDS"
0.104727057673178,0.595776150308604,0.41,0.322,1,"C16orf54"
0.104860939912803,1.79805232584155,0.492,0.413,1,"ECE1"
0.105323650735434,-0.712250533896413,0.344,0.435,1,"FRA10AC1"
0.105439210718889,-0.872553485271108,0.77,0.795,1,"MGC27345"
0.105651195640376,-1.7958025586592,0.279,0.357,1,"ALG10B"
0.105848424244051,0.70836977087861,0.279,0.195,1,"NKAP"
0.106270980549674,0.744313935788388,0.295,0.217,1,"LOC100131655"
0.10716677412975,-0.555148246005481,0.426,0.507,1,"KLF8"
0.10749052467369,-0.818501537835914,0.279,0.367,1,"MED12"
0.108542041993191,-1.21988004450599,0.262,0.327,1,"OLAH"
0.108559391054965,-0.50691595081791,0.344,0.442,1,"EXOC3L2"
0.1088204191297,0.567977039480765,0.443,0.354,1,"ATP6V0D2"
0.109170055414542,0.516850000584474,0.541,0.457,1,"STT3A"
0.109214978294358,0.682997540210435,0.41,0.328,1,"DPH3P1"
0.109721776102095,0.912868570487346,0.393,0.312,1,"AIM1"
0.109780130276039,-0.665581423976243,0.574,0.665,1,"RNF138P1"
0.109862594519494,0.70724277993779,0.262,0.184,1,"CPSF3"
0.110426508133502,-0.922273375584772,0.197,0.279,1,"AHSA2"
0.111085981684436,-0.510963780320636,0.443,0.532,1,"MAML3"
0.111163858892392,-0.859342056251083,0.18,0.272,1,"ACACB"
0.111689133873376,-2.00298429394646,0.295,0.38,1,"ITGB8"
0.111747261242614,-0.899554096781191,0.213,0.298,1,"MITF"
0.11226074064152,-0.934181107573706,0.361,0.457,1,"EPHA1-AS1"
0.112771537248199,-0.802758094686688,0.443,0.516,1,"CLDN11"
0.113008883518225,0.62128651662102,0.475,0.395,1,"FAM91A1"
0.114071147301318,-0.693389237715622,0.459,0.523,1,"FZD2"
0.115258291442157,-0.800420140376947,0.344,0.419,1,"ZDHHC15"
0.117335042173584,0.616774156106323,0.361,0.27,1,"SAP130"
0.117414910129134,0.533531133454377,0.279,0.192,1,"ZNF664"
0.117416815361175,0.588802620761491,0.279,0.199,1,"DDX26B"
0.117767572889824,-1.02743461371028,0.262,0.344,1,"GPD2"
0.11798963819533,-0.642301988656597,0.344,0.428,1,"ATP1B1"
0.119217888763643,-1.25235954992198,0.246,0.337,1,"LOC100506469"
0.120013512880669,-0.615961811541002,0.475,0.564,1,"GNPNAT1"
0.120051250897872,0.691953106883548,0.328,0.246,1,"CDC42BPB"
0.120507899447175,0.523516019835437,0.344,0.262,1,"CAMKK2"
0.120702661251049,0.526633073113927,0.344,0.26,1,"GOLPH3"
0.120909593710789,-0.578340073471962,0.639,0.652,1,"PTCHD4"
0.121608919160108,0.542409314394166,0.295,0.211,1,"LAS1L"
0.121925918524953,-1.04392850005145,0.197,0.275,1,"LOC283922"
0.122999545030478,-1.1594248573509,0.738,0.736,1,"KCNJ5"
0.123392806430944,-1.25916840703368,0.295,0.36,1,"PI4K2A"
0.123557403276698,-0.575602549307071,0.377,0.481,1,"WHAMMP2"
0.123583183355426,-0.541255548231203,0.508,0.564,1,"RBL1"
0.123776945390196,-0.738282270626472,0.541,0.587,1,"ZNF91"
0.124124633564873,0.633878000447859,0.426,0.342,1,"KCNN2"
0.125056761195387,0.695873830125605,0.41,0.318,1,"ATG10"
0.125124129830494,0.53344080784904,0.344,0.257,1,"PPIL3"
0.125471355672157,-1.10408208535955,0.311,0.405,1,"SFXN2"
0.12603997676224,0.841512236581316,0.295,0.227,1,"MTA2"
0.126175966695067,-0.596616429378648,0.426,0.503,1,"MYO15B"
0.126618658892535,0.734236682076227,0.885,0.834,1,"RAB27A"
0.126936766843729,0.529311329325261,0.328,0.247,1,"SNHG15"
0.127019277719326,0.592888428958388,0.344,0.263,1,"HADH"
0.127260779715033,0.693227100309793,0.311,0.233,1,"SLC5A3"
0.127771156388989,0.961405243657067,0.328,0.25,1,"APC"
0.128410638389462,0.817045493716539,0.311,0.236,1,"SCLT1"
0.129514949776002,0.549015728847389,0.328,0.244,1,"ALAS1"
0.129813566132299,1.00706540245891,0.475,0.408,1,"ALG9"
0.129865941779669,-0.583187873227728,0.164,0.256,1,"TAL1"
0.131190458757897,0.58832786992242,0.328,0.247,1,"ADC"
0.132198522783156,0.56880864847671,0.557,0.5,1,"GIMAP1"
0.133726092559195,0.512728641892495,0.262,0.181,1,"PPP5C"
0.133781293173158,-0.513035382881441,0.295,0.377,1,"PAPL"
0.134247359291122,-0.68523510904037,0.295,0.374,1,"LOC440600"
0.13503148009896,-0.749040878574725,0.295,0.383,1,"PIGM"
0.135071042413941,-0.750630363901707,0.213,0.295,1,"MRPL19"
0.135269011662899,-0.968778754519457,0.23,0.306,1,"ZNF197"
0.136192729875934,-0.574772779441798,0.492,0.543,1,"ERLIN2"
0.136387756341543,-0.57784374804296,0.475,0.548,1,"ITIH5"
0.138279490126305,-0.626813485226492,0.377,0.439,1,"FGFR1OP2"
0.138385362888098,-0.636667427388872,0.164,0.25,1,"ERO1LB"
0.13847968487436,0.952499241525038,0.443,0.387,1,"LINC00641"
0.138627797183564,-0.528805565397381,0.344,0.425,1,"EGR3"
0.138903230295294,0.549537889038839,0.279,0.204,1,"BRD7"
0.139215758983744,-0.551828298897332,0.295,0.357,1,"PEX5L"
0.139684894971617,0.583274802800935,0.311,0.233,1,"DNM1P46"
0.139824189110365,0.522955388128566,0.344,0.263,1,"VBP1"
0.139855257608818,0.63033821094321,0.295,0.221,1,"SDC2"
0.141345580678694,-0.531937798364416,0.328,0.415,1,"TBC1D16"
0.14171507425412,-1.0635912829246,0.328,0.408,1,"NR2C1"
0.142169357468552,-0.524318631720117,0.426,0.488,1,"GPR56"
0.14305968582603,-0.85030145674112,0.246,0.316,1,"C20orf203"
0.14403144462484,0.512056610089622,0.295,0.215,1,"MED21"
0.144037338490315,-0.933865911301363,0.41,0.5,1,"ZFP30"
0.144136605720672,-0.809824580915227,0.197,0.272,1,"COG4"
0.146003399815912,-0.658178442426975,0.475,0.552,1,"LMOD3"
0.146133541221531,-1.36337965442148,0.197,0.262,1,"PARP12"
0.147039255033268,-0.714768747576398,0.639,0.704,1,"CXADR"
0.147331632717738,0.727150181644,0.361,0.29,1,"TTL"
0.14756400587888,-0.887399084306126,0.328,0.383,1,"LOC146880"
0.148704753948965,-0.579877951252876,0.18,0.263,1,"RABGGTA"
0.149079358757441,0.938383877164594,0.295,0.227,1,"RPL13AP20"
0.149790122780958,0.630405828994069,0.426,0.37,1,"CUL1"
0.150056868149048,0.564057507435304,0.361,0.288,1,"XPO6"
0.152193494411726,-0.57657149101207,0.459,0.572,1,"FAM161A"
0.152470393891551,1.1582890970723,0.279,0.215,1,"PVR"
0.154135745275216,0.710812877570918,0.459,0.389,1,"PPP2R1B"
0.154252690737426,-1.14478464808655,0.295,0.376,1,"DENND5B"
0.154277887755776,-1.04273033029079,0.295,0.377,1,"MANSC1"
0.154686598014954,-1.14342720912731,0.361,0.432,1,"ZNF546"
0.155049803126583,-0.523740919366546,0.295,0.374,1,"SEC24B-AS1"
0.157446911188296,-0.774892440548058,0.18,0.259,1,"ZNF266"
0.157947212198049,-0.541481109720479,0.361,0.448,1,"USP49"
0.157986555806892,0.565607786860077,0.328,0.251,1,"MMP19"
0.158275543835977,-2.08442594668361,0.18,0.251,1,"ZNF136"
0.158878894156059,-0.517192660146044,0.475,0.585,1,"C5orf64"
0.158911138667314,1.00595188842641,0.279,0.207,1,"ZNF815P"
0.159655579473856,0.82863833872257,0.295,0.217,1,"SEMA5A"
0.160057008945986,0.543872292313619,0.279,0.207,1,"ALDH7A1"
0.160443411324593,-0.915693468185543,0.246,0.321,1,"BNC2"
0.160565769460829,0.544598313346287,0.41,0.35,1,"LPCAT3"
0.161491983095997,-0.908936281676404,0.262,0.324,1,"LOC100129935"
0.163222816718462,-0.520677822095735,0.41,0.481,1,"DIP2B"
0.16337955243719,-0.505512762902529,0.623,0.672,1,"LOC441666"
0.165165354162629,0.524235673652911,0.311,0.234,1,"RP1-177G6.2"
0.165437897685315,-0.816841437044938,0.23,0.302,1,"AQR"
0.165494798112088,-0.536205251169041,0.672,0.699,1,"SLC7A11"
0.165566369667066,-0.811580571019146,0.18,0.257,1,"CNST"
0.166514897225265,-1.08480757507015,0.279,0.351,1,"FDXACB1"
0.167238914770506,0.597479528432165,0.393,0.314,1,"LOC100505776"
0.168348408764047,1.35697504444194,0.41,0.331,1,"MCMDC2"
0.169006025830191,-0.835431823981318,0.18,0.27,1,"STIL"
0.170649249803602,0.69857510472484,0.361,0.279,1,"TMEM45B"
0.171130404030057,-1.46649609730669,0.197,0.27,1,"POTEM"
0.171696208009381,0.633246621009706,0.377,0.293,1,"SLC41A2"
0.172032397158335,-0.636208101298203,0.361,0.425,1,"PHF11"
0.172210172698339,-0.668587794597942,0.672,0.694,1,"ANP32A-IT1"
0.172761595129597,-0.524495593963559,0.311,0.387,1,"CREBL2"
0.17356236329286,-0.803441074895823,0.475,0.536,1,"LPIN1"
0.174728495970398,-1.01365246419419,0.41,0.316,1,"MS4A2"
0.174926075296029,-0.558150878856983,0.426,0.499,1,"GIGYF1"
0.177357648039521,-1.56373447220403,0.23,0.29,1,"PNMAL1"
0.177443334891272,0.589234907156961,0.721,0.725,1,"VMA21"
0.177649054632867,-0.659316025965762,0.213,0.286,1,"KHSRP"
0.177910730614523,-1.16317546712838,0.328,0.386,1,"ATP2A2"
0.178112379914802,-0.936569781201502,0.213,0.282,1,"FAM108B1"
0.178508295276526,-0.565943437863663,0.525,0.598,1,"LINC00476"
0.179129939960511,-1.03730744756726,0.18,0.251,1,"LINC00671"
0.180698651181469,0.550131581249929,0.279,0.211,1,"TMEM39B"
0.181497211559948,0.861528834099178,0.262,0.199,1,"MED17"
0.181498713052509,0.664950386644469,0.623,0.584,1,"UGDH"
0.181526690642764,-0.65227330237963,0.279,0.351,1,"SLC30A9"
0.181567778262291,0.543661741746912,0.262,0.194,1,"LINC00152"
0.182573248096265,0.598653040409434,0.557,0.48,1,"NUDT9"
0.183943391402524,0.501776793813666,0.279,0.208,1,"EEFSEC"
0.18604304428123,-0.62018717748844,0.213,0.289,1,"FAM78A"
0.186298512521902,0.538355677707129,0.279,0.207,1,"ZRANB1"
0.18683626624739,-0.755997005178331,0.475,0.494,1,"NPC1"
0.187035352068295,-0.745108802698052,0.23,0.301,1,"POMT1"
0.187252576848413,-0.818055333313544,0.23,0.299,1,"LINC00667"
0.187290097821883,-0.711525900623501,0.246,0.299,1,"PLA2G16"
0.187391003176545,-0.6465015995225,0.18,0.259,1,"CCSAP"
0.188519027367623,-0.558379401095246,0.279,0.358,1,"TSC2"
0.188898801351146,-0.64463221993531,0.328,0.405,1,"SOCS7"
0.189290294249225,-0.951707754448317,0.311,0.386,1,"NHLRC2"
0.191122062713008,-0.803781638952562,0.557,0.617,1,"PEAK1"
0.191491748002305,-0.517490639225836,0.213,0.292,1,"TMEM106B"
0.192261566309545,0.523977021916949,0.262,0.195,1,"PRPS1"
0.192422270016582,-0.525984659201323,0.18,0.259,1,"CCDC84"
0.19276735654421,-0.515000450870866,0.426,0.474,1,"TNNI1"
0.19352554606867,-0.886139782001279,0.41,0.483,1,"RBBP9"
0.193902728249141,-0.52739252236509,0.459,0.517,1,"SPG11"
0.194830099153625,-0.695805189039219,0.213,0.279,1,"LOC100190940"
0.195025789081273,0.558317204949527,0.426,0.347,1,"NRIP2"
0.195195745484868,-0.604333818069908,0.279,0.348,1,"ANKRD52"
0.195407881129385,-0.552078842503834,0.18,0.256,1,"CCL3L1"
0.197362242912458,-0.622250493274371,0.574,0.682,1,"ZMYM5"
0.197560290011918,0.537976221509606,0.344,0.27,1,"FLJ44635"
0.19864617525797,-0.863714686198219,0.213,0.296,1,"RUFY2"
0.200010734993208,0.526115149264857,0.344,0.273,1,"RIPK1"
0.200262631789296,-0.940719253329758,0.213,0.27,1,"PHF12"
0.201103445488333,-0.57079326647555,0.393,0.451,1,"OTUD1"
0.203838908637148,-0.553399627770744,0.475,0.517,1,"GON4L"
0.205191732218134,-0.922364436696988,0.377,0.419,1,"LOC100507032"
0.205606160405476,-0.573698294414709,0.295,0.376,1,"COX10-AS1"
0.205713201102962,-0.563768136663654,0.377,0.439,1,"FNIP2"
0.206117576322069,-0.558375917361716,0.361,0.416,1,"PPIL4"
0.206628733855696,-0.7682576509676,0.311,0.366,1,"SMEK2"
0.206723130043504,-0.928025759784016,0.246,0.305,1,"SDC3"
0.206971623122616,-0.519266574941127,0.393,0.457,1,"C1orf229"
0.207839005384173,-0.770629467833862,0.623,0.682,1,"FCF1"
0.208339798671194,-0.811478003621368,0.721,0.759,1,"SMAD5"
0.21019438312316,-0.681846378824001,0.443,0.474,1,"IPCEF1"
0.210744545558285,0.839826416574598,0.295,0.247,1,"SRSF9"
0.210776762511017,-0.569168283139637,0.852,0.887,1,"SPATA5"
0.211615668428266,-1.10423956438674,0.246,0.327,1,"LRP2BP"
0.21250236398461,-1.10597675192831,0.459,0.509,1,"TNFSF15"
0.213600798714905,-0.709462007463925,0.213,0.282,1,"SLC1A4"
0.214267179163855,-0.630033287152569,0.246,0.308,1,"CSNK1E"
0.217174878934747,-0.523698765950131,0.393,0.478,1,"AK1"
0.217285661965434,0.64941553626612,0.279,0.217,1,"ATP11B"
0.21748657489446,0.54418374070823,0.426,0.532,1,"SLC4A1"
0.217817358620149,0.635903745621386,0.262,0.202,1,"LOC145474"
0.218089705086,-0.594848127285124,0.279,0.344,1,"MBD1"
0.218179427220074,-0.582981865833815,0.262,0.328,1,"TMEM63A"
0.218822942230649,0.585314848116728,0.492,0.444,1,"NIT1"
0.219036158053278,-0.804579242840531,0.262,0.322,1,"RRM2B"
0.220430401385942,-0.634825710895832,0.246,0.302,1,"MCF2L"
0.221373259577112,-1.32411669267401,0.279,0.344,1,"KIF3B"
0.22199247178217,-0.732126170367963,0.328,0.379,1,"SYVN1"
0.222828767542567,0.567740960716294,0.328,0.264,1,"LRP10"
0.223536044038602,-0.577647622254139,0.23,0.295,1,"P2RY11"
0.223721670986573,-0.694317590167204,0.574,0.611,1,"ZNF329"
0.224380175235469,-0.514429007119176,0.443,0.509,1,"DUSP19"
0.225129113584861,-0.632871586079419,0.295,0.368,1,"HTR7P1"
0.225348553688658,0.668385275663866,0.361,0.316,1,"GSR"
0.226356433517088,-0.535079187907487,0.393,0.452,1,"TIMP2"
0.226468496194227,-0.710921497975316,0.197,0.26,1,"HEXA-AS1"
0.226919949894802,-0.633075974351795,0.672,0.708,1,"ATP6V0A2"
0.229221132926955,0.624259374593066,0.344,0.289,1,"NDST1"
0.230006429970924,-0.936942618316501,0.213,0.277,1,"MSL2"
0.230329091328199,-0.648103195825402,0.639,0.669,1,"RGS12"
0.231770862695816,-0.881735125901515,0.508,0.568,1,"DGKE"
0.232885629273613,0.965299888721853,0.328,0.262,1,"C17orf77"
0.234000623387126,-0.70516799770315,0.246,0.311,1,"LOC285758"
0.235626457704918,-0.60167837828897,0.475,0.533,1,"ZNF321P"
0.236583248444584,-0.649744170945144,0.361,0.396,1,"ZBTB1"
0.239053262515247,-0.990425219999189,0.295,0.338,1,"UBE2G1"
0.239417760028124,-0.738918782621607,0.59,0.63,1,"ZSCAN12"
0.241172384190062,-0.996173558366854,0.443,0.503,1,"PDCD7"
0.241369479367283,-1.09706153622263,0.213,0.273,1,"POU6F1"
0.241611321371166,-0.720099235724186,0.475,0.552,1,"FANCD2"
0.242602879680302,-1.18461494661891,0.279,0.358,1,"SLC30A4"
0.243181825306476,-0.515223569150787,0.689,0.704,1,"BCKDHB"
0.243689615980008,-0.584442226151485,0.41,0.465,1,"RNF111"
0.244717765963108,-0.515434861659637,0.852,0.796,1,"ZNF280C"
0.245004606888526,-0.623528057918734,0.443,0.48,1,"STAG3L2"
0.245137368300374,0.835431465608143,0.295,0.246,1,"NEK4"
0.246696182143815,0.54846602507883,0.295,0.24,1,"FER"
0.247328492072676,-0.953964723588481,0.311,0.358,1,"ZC3HAV1L"
0.248096982026658,0.707747656341028,0.311,0.25,1,"GSK3B"
0.248629738826934,-0.915987896291492,0.311,0.363,1,"SOWAHC"
0.250773195571771,-0.72518514582105,0.557,0.542,1,"TK2"
0.250999510539333,1.78877430780393,0.525,0.538,1,"APOBEC3A"
0.251540305551542,-0.649668335107149,0.262,0.332,1,"LOC285972"
0.251649507575706,-1.08678498934829,0.197,0.25,1,"ADCY3"
0.25277577711326,-0.749109531614312,0.377,0.452,1,"PANK1"
0.253818479022081,-0.716431197670542,0.443,0.486,1,"ALDH1L2"
0.253915205396807,-0.744269949073722,0.295,0.341,1,"FAM106A"
0.25467847734079,-0.614014884184323,0.23,0.285,1,"ITM2C"
0.255248753994722,0.590262424117692,0.197,0.276,1,"TRIM6"
0.256113434502395,-0.784052080251834,0.508,0.523,1,"MED13L"
0.258178519701601,-1.02615563954865,0.328,0.395,1,"RAD23B"
0.258277059198855,-0.710864051122192,0.852,0.821,1,"HEATR5A"
0.258624630184503,-0.704223041049007,0.344,0.379,1,"PLD2"
0.260120400347405,0.607852899249665,0.279,0.224,1,"STRIP1"
0.260620587048635,-0.743753967114256,0.295,0.348,1,"GRASP"
0.261329111113067,-0.761457374636456,0.459,0.484,1,"PRPF4B"
0.261672147638187,-0.853751939021493,0.197,0.269,1,"ZNF204P"
0.261673492215482,-0.840431360578618,0.246,0.276,1,"POLR3GL"
0.264186933753188,0.51548802909796,0.295,0.234,1,"TNFRSF11A"
0.265840014491605,0.534934948161478,0.295,0.233,1,"FGB"
0.266230439018706,0.614530597449948,0.361,0.308,1,"WNK3"
0.26641971767253,-0.809314547391268,0.213,0.267,1,"PI4KAP2"
0.267613156965375,-0.621387658274926,0.459,0.545,1,"WDR5B"
0.26771464179855,1.30076252723231,0.295,0.234,1,"RAB11FIP4"
0.270466338388891,-1.22661151367825,0.262,0.319,1,"CHDH"
0.270712351353646,0.523485055514125,0.705,0.689,1,"DCAF16"
0.271032065246429,-1.75014648471304,0.361,0.4,1,"CGNL1"
0.272365812924872,-0.849927568709959,0.41,0.428,1,"ELF2"
0.275605479046927,-0.688067960148465,0.82,0.772,1,"C4orf19"
0.276761082181717,-0.56645886968334,0.459,0.525,1,"ZNF708"
0.281711423799758,-1.01805567125961,0.213,0.276,1,"ZFP64"
0.282154434220659,-0.822991963267037,0.23,0.293,1,"YARS2"
0.283041487531075,0.517564257052892,0.262,0.208,1,"SCML1"
0.284640244448589,-0.604656793742037,0.393,0.449,1,"APOPT1"
0.28926746707751,-1.25536984827811,0.197,0.251,1,"IL2RA"
0.291088432349975,1.06293943545306,0.328,0.279,1,"ZNF761"
0.297593958356337,-0.648168663992128,0.344,0.393,1,"LOC100505495"
0.299890158093847,0.590243377291689,0.279,0.228,1,"LONP1"
0.301024129549575,-0.52993660616639,0.295,0.217,1,"BRAF"
0.301352741480177,-0.50237463167423,0.508,0.556,1,"SREK1"
0.301484005277526,-0.552717770763941,0.311,0.36,1,"PMS1"
0.30189614911869,-0.621022852727955,0.574,0.581,1,"LARS"
0.302511981122706,-1.1377061792707,0.279,0.35,1,"PBLD"
0.304211213309558,-0.914962862871395,0.23,0.275,1,"CDK6"
0.307795060234285,0.508973298487691,0.492,0.406,1,"MSS51"
0.308133592345063,-0.547159978064612,0.262,0.318,1,"CDC14C"
0.309188044717683,-0.673380155726486,0.393,0.402,1,"CEBPG"
0.311109037657745,-0.871380638607376,0.213,0.256,1,"ARHGAP5"
0.312501264915877,0.700306621911621,0.41,0.363,1,"UPF2"
0.315124217890593,-0.62246730828988,0.23,0.276,1,"SH3RF3"
0.317939273929003,-0.516489697682844,0.508,0.546,1,"LPIN3"
0.318259953799483,-0.86372312424936,0.344,0.389,1,"SUV39H2"
0.321705990711476,0.550865754031064,0.328,0.276,1,"SUGP1"
0.3231713430346,0.885754385260473,0.41,0.384,1,"TSR1"
0.323194697440262,-0.611008606129053,0.59,0.632,1,"ZHX3"
0.323442126995643,-0.831254603035527,0.213,0.259,1,"REST"
0.326636096044986,0.502331097837389,0.59,0.582,1,"GTPBP1"
0.329480888712285,0.876383791571495,0.475,0.415,1,"FBXO48"
0.330521775712479,-0.681750662829949,0.574,0.555,1,"SPDYE2"
0.330521775712479,-0.681750662829949,0.574,0.555,1,"SPDYE2L"
0.330784296809302,0.662517855363821,0.197,0.251,1,"TRPM8"
0.331285523886715,-0.725163627653612,0.541,0.574,1,"ZNF772"
0.331773683221072,-0.729040071084371,0.213,0.264,1,"ZNF317"
0.332482756369048,-0.53665361436249,0.295,0.337,1,"RASSF1"
0.334485583745502,-0.959490101664984,0.377,0.405,1,"HECTD1"
0.337787744808842,-0.966053569123469,0.213,0.259,1,"KIAA1324L"
0.341518987840956,-0.506499378855235,0.443,0.451,1,"DNAJA2"
0.341991001998623,-0.534200044727391,0.23,0.273,1,"C19orf66"
0.344315815271734,-0.522634604451991,0.246,0.29,1,"BCCIP"
0.348586391954365,-0.723381751121184,0.23,0.272,1,"SETD7"
0.348843963929157,0.681733909102042,0.393,0.34,1,"TGFB1"
0.349254896303727,0.858937867384143,0.295,0.249,1,"TRDMT1"
0.352873117514472,-0.556784991328467,0.213,0.257,1,"YPEL3"
0.355253033423154,-0.623763494749955,0.623,0.655,1,"YAF2"
0.355331071130257,-0.65857139440286,0.262,0.302,1,"HDAC6"
0.356735055898115,-0.500075165736046,0.311,0.353,1,"ADM2"
0.360011531974054,-0.701896843685898,0.705,0.671,1,"MICAL3"
0.363472399004047,0.538685958970509,0.787,0.751,1,"NFKBIB"
0.36386886340768,1.15738293837137,0.262,0.237,1,"ZFP90"
0.364428725798677,-0.612702882762268,0.41,0.462,1,"PLEKHH1"
0.366270249226761,-0.821594605149287,0.246,0.286,1,"CCND2"
0.366628327899502,0.542639886186383,0.787,0.749,1,"NXPE3"
0.367130544996037,-0.608367523579106,0.459,0.478,1,"SNX13"
0.367989818348348,1.11179144858097,0.377,0.342,1,"SLC2A6"
0.368189714284864,-0.650676228539422,0.836,0.831,1,"ZNF714"
0.370331741444237,0.530468599083868,0.295,0.254,1,"MAPK6"
0.372149149439981,0.506684632834178,0.541,0.539,1,"MRPS27"
0.375445028573994,-0.560411285043697,0.213,0.26,1,"OGFRL1"
0.375497745902106,0.683094703293052,0.295,0.256,1,"TRIM56"
0.380025809727916,-0.702710913665417,0.328,0.348,1,"NSF"
0.380229815699514,-0.512384505948174,0.246,0.285,1,"SLC18B1"
0.385082448579527,-0.537599546018621,0.344,0.373,1,"SETDB1"
0.38517115551634,-0.543787714226436,0.295,0.321,1,"RGCC"
0.388954449619189,-0.750555573505972,0.475,0.405,1,"REPS2"
0.389704429014713,-0.533834958214106,0.279,0.325,1,"MLLT10"
0.389969840589454,-0.553607018404691,0.311,0.36,1,"GALNT1"
0.390182947944702,-0.554555517074942,0.295,0.355,1,"FLJ37453"
0.39199048835173,-0.783079683886006,0.262,0.306,1,"NPHP3"
0.393720735000694,-0.554448346307799,0.361,0.431,1,"SIKE1"
0.399673961893337,-0.545131442713212,0.721,0.734,1,"FMN1"
0.399813885748204,0.699513049031493,0.475,0.441,1,"KLHL8"
0.4000642458836,-0.550019655537058,0.213,0.251,1,"CCDC91"
0.400245334889622,-0.514148470118283,0.23,0.27,1,"FAM76A"
0.401561663981296,-0.532954198607041,0.295,0.315,1,"SDR39U1"
0.404423173010595,0.543943757449644,0.77,0.678,1,"ZNF674"
0.40483232035104,-0.76664627021654,0.197,0.251,1,"DNAJC21"
0.405636225970436,-0.654749970849574,0.361,0.383,1,"MFSD12"
0.406767320524303,-0.874604782672244,0.639,0.626,1,"FAM210B"
0.407491623443329,-0.542247465707983,0.246,0.285,1,"EZH1"
0.408295490209181,-0.803896906641595,0.426,0.47,1,"PLXDC1"
0.411430694402408,-0.570097961453835,0.279,0.312,1,"AKR1B10"
0.412147501528556,-0.534421669637282,0.328,0.35,1,"RTTN"
0.413016418947128,-0.740810218761539,0.492,0.468,1,"SLC23A2"
0.414170907828445,-0.573465143948476,0.311,0.368,1,"LOC100506548"
0.414310022486064,-0.676859360373776,0.689,0.642,1,"NOM1"
0.416976419689203,-0.830814065456832,0.295,0.325,1,"MICB"
0.417825717272198,0.557283005218256,0.459,0.462,1,"LRPPRC"
0.417913063024532,-0.938991394006825,0.262,0.292,1,"ZBTB20"
0.418812240135345,0.696557901606419,0.623,0.633,1,"FAM117B"
0.418986642651648,-0.52745150333726,0.639,0.655,1,"ERCC4"
0.41955154753699,-0.720762442197973,0.377,0.408,1,"EFR3B"
0.420750007619423,0.666291505350385,0.672,0.66,1,"PURB"
0.421310083232541,-0.619796010466908,0.344,0.368,1,"DMXL1"
0.423059740296981,-0.897506817095435,0.23,0.272,1,"LOC401321"
0.423683892578391,-0.694719951173356,0.525,0.451,1,"ZNF561"
0.426422958636269,0.829109694599917,0.295,0.256,1,"B4GALT5"
0.426950182913683,-0.755283978716152,0.311,0.327,1,"TIAF1"
0.428561993094195,-0.579302558442807,0.279,0.298,1,"NUPR1"
0.431429938493371,-0.568741007180962,0.459,0.454,1,"TOB2"
0.436170367803958,-0.597332268670635,0.213,0.25,1,"NCOA1"
0.436773158585538,-1.51017302263604,0.41,0.444,1,"TRAM2"
0.439529869817801,-0.541716666681532,0.262,0.301,1,"PFKFB2"
0.440703349176423,-0.672249799829022,0.262,0.29,1,"SGK196"
0.443165345419238,0.707651594397668,0.426,0.473,1,"ZNF549"
0.443318221422574,-0.526547313879645,0.23,0.264,1,"SMPDL3A"
0.444674797041897,-0.5414930864554,0.361,0.302,1,"ZNF283"
0.446826085411193,-0.596493464294287,0.311,0.344,1,"UPF1"
0.447420586306625,-0.881860500555642,0.426,0.468,1,"RAB3IP"
0.450986129987576,0.568921832231603,0.426,0.41,1,"TOP3A"
0.452112376674438,-0.702139591013964,0.377,0.393,1,"FAM53B"
0.455395416575847,-0.887797746051558,0.344,0.348,1,"NFATC1"
0.45634168881961,-0.83637230419826,0.23,0.254,1,"FAIM"
0.457166972902299,-0.614751194088336,0.377,0.399,1,"UBR5"
0.457432184715053,-0.600709160977268,0.377,0.311,1,"MFSD4"
0.458108983669557,-0.504561363571171,0.295,0.318,1,"KBTBD2"
0.460295028357023,1.086324649393,0.361,0.332,1,"RFWD3"
0.460664421708964,0.580672960408707,0.41,0.379,1,"ATXN3"
0.461128418951454,0.635805724735084,0.443,0.379,1,"DZANK1"
0.462039322306864,-0.730507255647148,0.246,0.269,1,"MCCC1"
0.462526658492388,-0.501145032785194,0.393,0.468,1,"ATP7A"
0.463810825445006,-0.647745860189155,0.23,0.263,1,"ERCC6"
0.465962903750677,-0.616935098993486,0.23,0.259,1,"IKBKE"
0.466793148491622,0.61351704754939,0.623,0.577,1,"POU2F1"
0.467871723723415,-0.631003834074912,0.426,0.475,1,"LIN52"
0.469672217356027,-0.617006698065042,0.377,0.38,1,"ESYT1"
0.476019620218057,0.531298821516891,0.295,0.272,1,"TNPO3"
0.478883732126185,-0.523205687166989,0.328,0.363,1,"C9orf64"
0.479176650510271,-0.624168261693254,0.82,0.786,1,"ZCCHC8"
0.482596440636399,-0.826807787676039,0.393,0.396,1,"NFE2L1"
0.486404596147562,-1.40169336017581,0.262,0.288,1,"ZNF585B"
0.486640465482637,-0.666016784973911,0.246,0.269,1,"CHMP4C"
0.491188638408037,0.793868678583181,0.787,0.697,1,"LOC731424"
0.491349016662996,-1.2062125830292,0.328,0.38,1,"ZNF696"
0.491389378166173,0.896426758269319,0.279,0.246,1,"BRWD3"
0.498620743662099,0.897959914085055,0.279,0.247,1,"PLD6"
0.499303164568435,-0.790045384440248,0.525,0.527,1,"UBE2D4"
0.499396437489741,-0.704820398732023,0.344,0.371,1,"GSPT1"
0.500198673728625,-0.513635244054694,0.508,0.514,1,"DISC1"
0.500324588212849,-0.628670947460228,0.23,0.256,1,"HMOX2"
0.50101283088297,-0.744807932256683,0.246,0.262,1,"RSRC1"
0.50139212569206,-0.862560337854381,0.607,0.598,1,"JAM2"
0.502412918485384,0.690994090204456,0.574,0.532,1,"LOC100130557"
0.503335672396934,-0.551847156410947,0.426,0.379,1,"APOLD1"
0.503469550997888,-1.40893578093696,0.279,0.308,1,"LURAP1"
0.504532131177453,-0.620014474703623,0.361,0.358,1,"TAF1A"
0.504591900870177,-1.11372987843172,0.361,0.367,1,"ADAMTS17"
0.505795405253929,-0.50512073198393,0.23,0.26,1,"MOV10"
0.507310535770553,0.53781457839218,0.377,0.361,1,"KRIT1"
0.516514861947932,-0.514211980574602,0.361,0.38,1,"TRAPPC11"
0.523048066470428,-1.17374275894995,0.246,0.26,1,"WDR36"
0.523390415846901,-0.598192980755396,0.393,0.409,1,"FADS1"
0.525790923200257,-0.54083836246651,0.656,0.65,1,"TBC1D20"
0.533674194568412,-0.955404574021516,0.328,0.367,1,"DBR1"
0.535110291794126,-0.919898893265947,0.246,0.257,1,"DNMT3A"
0.535706015198655,-0.505657709646536,0.557,0.584,1,"APOL2"
0.53598694086023,0.608241114658631,0.279,0.247,1,"ZNF514"
0.54189222520271,-0.6256049973756,0.344,0.341,1,"PML"
0.544295398079255,-0.644505475023442,0.344,0.34,1,"SYS1"
0.550372789087609,-0.526039493747934,0.246,0.27,1,"NXNL2"
0.550438821533856,-0.668105494692202,0.541,0.565,1,"TMEM236"
0.550796720783517,-0.629152591798508,0.787,0.725,1,"PCBD2"
0.551011216548376,-0.53081923513399,0.705,0.701,1,"HCG11"
0.553464912415844,-0.917577240192566,0.23,0.25,1,"RASAL3"
0.556533359840256,-0.655833564143961,0.295,0.308,1,"CREBZF"
0.560166722211745,-0.627625197649651,0.557,0.562,1,"ARMC9"
0.560351480962982,0.770947534590781,0.262,0.244,1,"TMPRSS3"
0.569235891568148,-0.86017771664857,0.508,0.429,1,"CLCN5"
0.571059552611788,-0.555564716359625,0.525,0.545,1,"STON2"
0.574867249108784,-0.623631752244122,0.361,0.379,1,"INSR"
0.575861191295387,0.57637198385372,0.328,0.285,1,"TMEM254-AS1"
0.577973814730469,0.58384639099437,0.557,0.552,1,"DHODH"
0.578221154860318,0.793486309983799,0.328,0.285,1,"S1PR3"
0.585505959241394,-1.69978308874719,0.246,0.263,1,"LOC202781"
0.585916843683046,0.660644292666728,0.246,0.288,1,"EID2B"
0.587504908090444,-0.552445002823163,0.459,0.468,1,"ADAMTSL2"
0.589558148334752,-0.589107965095509,0.23,0.253,1,"LRRC37A3"
0.596817553012146,-0.741989681700626,0.279,0.308,1,"C19orf40"
0.599932330864798,0.633183981586178,0.328,0.299,1,"MYOZ3"
0.605122533637503,-0.581033016007459,0.262,0.285,1,"ZNF618"
0.605680890121386,0.703589631580761,0.426,0.423,1,"FFAR2"
0.607498800314038,1.12113508689233,0.213,0.251,1,"LOC90784"
0.608370697776245,-0.592364931068702,0.246,0.267,1,"C8orf44"
0.609348250841129,0.894899365973881,0.262,0.243,1,"U2AF2"
0.609927925710139,-0.852040468361766,0.279,0.295,1,"CAPN7"
0.611118328417377,-0.518451735880702,0.262,0.277,1,"KCNMA1"
0.612134858853849,-0.580538001750954,0.475,0.493,1,"RHOF"
0.614677489198916,-0.516620802811694,0.262,0.311,1,"BLOC1S3"
0.620138244891606,-0.709308440696326,0.295,0.254,1,"GINS1"
0.622821410281074,0.513601866680837,0.557,0.519,1,"DHX33"
0.629225847531298,0.817931541229068,0.41,0.403,1,"KATNAL1"
0.634926252933044,-0.706825304682861,0.246,0.26,1,"LOC100506730"
0.637159886671494,-0.520174990861417,0.656,0.653,1,"ZNF286A"
0.63746052793922,0.588768483922094,0.328,0.355,1,"CEP44"
0.637662060777167,-0.625382891323147,0.246,0.257,1,"KDM3A"
0.638910017085047,-0.578100848476966,0.246,0.26,1,"SNN"
0.639443934735147,0.843426333824878,0.525,0.587,1,"ZBTB24"
0.640728930789977,-0.508543887347094,0.41,0.416,1,"ARSK"
0.648763607570786,-0.820123334887296,0.361,0.374,1,"CDKN2B-AS1"
0.654206844009831,0.630589949633979,0.656,0.633,1,"MTF1"
0.657310442251648,0.505208107407386,0.426,0.462,1,"WDR76"
0.659662439871855,-0.551253635216184,0.426,0.431,1,"KDM5C"
0.660713801732417,-0.673505229933367,0.279,0.302,1,"CYB561"
0.661937864061238,-0.562975470321058,0.311,0.306,1,"POLE3"
0.662210471389676,0.72031340912321,0.311,0.306,1,"C12orf43"
0.662889613781674,-0.6253210534757,0.574,0.513,1,"NBPF1"
0.665681162806266,0.62415018521233,0.328,0.373,1,"CDK19"
0.669343992887908,-0.544922062587385,0.475,0.494,1,"C22orf29"
0.669700187910456,0.608356454176797,0.295,0.324,1,"LRRC19"
0.672560231058409,-0.615945437646541,0.426,0.402,1,"TBC1D2B"
0.673243876437274,-0.570693659984387,0.262,0.22,1,"FAM208B"
0.673882360108017,-1.20083202503873,0.328,0.328,1,"RBMXL1"
0.679084466210735,-0.786102034230042,0.262,0.227,1,"TUBGCP5"
0.68705034463077,-0.570633653745825,0.246,0.254,1,"STRADA"
0.689239505823485,-0.722209887815141,0.262,0.267,1,"TAF2"
0.690779544544064,-0.675739680202344,0.41,0.397,1,"COX20"
0.696432518643286,-0.592837177847369,0.279,0.262,1,"SS18L1"
0.702369838988139,-0.576717033700009,0.639,0.592,1,"LINC00346"
0.703653169544507,-0.898372597490256,0.623,0.603,1,"MACC1"
0.707876044861637,-0.74528782989752,0.656,0.585,1,"PIGW"
0.713971277874856,-0.508756184212849,0.262,0.221,1,"GBA2"
0.716977420125745,0.697477209275877,0.295,0.324,1,"KIAA1841"
0.722418300473018,-0.564114380479791,0.574,0.517,1,"FLT1"
0.723449300708227,-0.515449782170898,0.393,0.345,1,"LOC100294362"
0.725660253409086,-0.541637566177025,0.328,0.335,1,"ATF5"
0.730518422876014,1.58074681568642,0.361,0.379,1,"EREG"
0.734351276785185,-0.906425447079282,0.262,0.272,1,"C11orf63"
0.735297376200929,-0.981125057106944,0.492,0.468,1,"UNKL"
0.740321804946101,-0.629233417247199,0.246,0.251,1,"CLOCK"
0.748213010134754,-0.652921739541338,0.295,0.288,1,"UBE2R2"
0.754209904397065,-0.598988965929667,0.393,0.345,1,"MCC"
0.755790311824798,-0.706968503493758,0.279,0.289,1,"IL21R"
0.757182124525277,-1.39257822737206,0.262,0.267,1,"FUT4"
0.758682561629099,-0.814806414434219,0.279,0.266,1,"NPAT"
0.760369759321176,0.630927514432262,0.459,0.432,1,"CEP19"
0.767355642556048,-0.503374572814496,0.361,0.353,1,"VPS52"
0.768543486359695,-0.620352662592593,0.393,0.361,1,"NHSL1"
0.774116519723658,0.689916883963161,0.295,0.345,1,"CDKN2AIPNL"
0.777776239428032,-0.576052300312755,0.361,0.366,1,"AMFR"
0.783485094081715,0.530194397249875,0.361,0.382,1,"FAM124A"
0.786143780410471,0.739977268786709,0.492,0.475,1,"ZNF835"
0.788425763089827,0.785669996811988,0.393,0.438,1,"FAM84B"
0.79591066828006,0.548466845511373,0.295,0.266,1,"GLB1L"
0.797938124342903,-0.532061168582819,0.328,0.295,1,"TRRAP"
0.805371970947615,-0.798056352800285,0.672,0.633,1,"ZNF320"
0.808133497488368,-0.765325741743931,0.295,0.254,1,"ANKIB1"
0.809624383204675,-0.800439138122873,0.754,0.773,1,"CSNK1G1"
0.815065652777009,0.534430079561121,0.639,0.627,1,"GABPB1-AS1"
0.816819366123296,0.58982092708197,0.328,0.39,1,"ERI1"
0.818919077827159,-0.516348150388174,0.443,0.377,1,"CAMTA2"
0.825743978690529,0.57975215167773,0.41,0.402,1,"TXNL4B"
0.827526392876547,-0.826966989019196,0.705,0.699,1,"PPARA"
0.828877013085734,-0.562202527267142,0.475,0.416,1,"KIAA2026"
0.830467852697256,-0.637303131393317,0.262,0.263,1,"GCNT2"
0.831777976721505,-0.549105155496399,0.311,0.276,1,"VEZT"
0.83349606879086,-0.569488264541906,0.295,0.282,1,"RAB35"
0.835277025798874,0.581573787618398,0.59,0.587,1,"BMP8A"
0.840352255917713,-0.542454721790652,0.279,0.276,1,"BCL2L11"
0.841590240875855,0.615161138409835,0.344,0.354,1,"NUDT15"
0.841925155105308,-0.555519811494578,0.262,0.263,1,"MICA"
0.843005356763482,-0.579370934492048,0.459,0.423,1,"RBM19"
0.84342522283533,-0.575586546109329,0.656,0.646,1,"NLN"
0.853049157849116,1.02821133669488,0.377,0.382,1,"F5"
0.854633328421603,-0.573872534144131,0.246,0.256,1,"TMEM245"
0.854666666651624,0.575423000840335,0.328,0.364,1,"TMEM185B"
0.855709949320274,-0.83077042398986,0.639,0.62,1,"EOGT"
0.861455966939428,-0.593527416922722,0.508,0.457,1,"MBD6"
0.861738839825368,0.674561151587892,0.361,0.376,1,"LRG1"
0.864823918060073,-0.59906999061196,0.443,0.423,1,"UVSSA"
0.878593690801696,-0.528579023873851,0.607,0.634,1,"ZNF117"
0.880121750330249,-0.987259313518217,0.311,0.256,1,"KCNQ1"
0.881195651808301,-0.950648255468963,0.295,0.285,1,"LOC100507117"
0.88619622818124,-0.858675818814323,0.344,0.338,1,"ZNF70"
0.889460047678758,-0.591450650729846,0.344,0.296,1,"DGCR2"
0.891153252564552,0.506273661803388,0.836,0.799,1,"AGMAT"
0.895461104599831,-0.604336639769912,0.328,0.306,1,"TMC8"
0.900845615929117,-1.43995048496248,0.295,0.289,1,"ZNF682"
0.901571861661799,-0.866842372134966,0.279,0.28,1,"LINC00578"
0.903350844856736,-0.589099531611779,0.279,0.246,1,"ZDHHC4"
0.903730873161915,-0.539795233828028,0.279,0.289,1,"FBXW8"
0.905250334089745,-0.555213676241269,0.344,0.328,1,"PDPK1"
0.906056127509123,-0.629910439259468,0.475,0.491,1,"ZNF765"
0.908460587681619,0.777684794544869,0.262,0.263,1,"DISC2"
0.909327294136841,-0.653924526696417,0.328,0.289,1,"MYSM1"
0.91544631128412,-0.692536525872647,0.361,0.347,1,"USP7"
0.9157115683384,-0.532243732558398,0.279,0.25,1,"SETD5-AS1"
0.918998296374807,0.787899921954975,0.262,0.277,1,"FAM101B"
0.919331813101843,-0.640062166008014,0.311,0.29,1,"SLC46A1"
0.927553915306955,0.719479296679449,0.869,0.902,1,"GK5"
0.929281377219881,-0.544360689222346,0.377,0.337,1,"THUMPD1"
0.930072194412012,-1.2469365214907,0.393,0.344,1,"AIFM2"
0.937289847671914,-0.773051227956185,0.459,0.458,1,"LOC339803"
0.944547692690993,-0.654390849456043,0.311,0.29,1,"KIF21B"
0.946652672605656,-0.526441138549096,0.262,0.241,1,"FAM160B2"
0.947207533026372,-0.53709351246798,0.344,0.327,1,"USP46"
0.948278996513263,-0.583901055556774,0.426,0.373,1,"FMNL1"
0.950242614207605,-0.624049034194702,0.393,0.345,1,"HBS1L"
0.950955067324663,-0.920897529650755,0.279,0.256,1,"TNK2"
0.953619718192059,-0.647594350198128,0.279,0.269,1,"RRAGC"
0.957036900677439,-0.633781481207181,0.525,0.467,1,"TIAL1"
0.958548361327167,-0.715214747826496,0.328,0.289,1,"SMG9"
0.962982436999267,0.558002810586911,0.279,0.298,1,"SNX15"
0.973994387929508,-0.786244473153786,0.426,0.415,1,"LPGAT1"
0.976464193380301,-0.611338553966911,0.77,0.712,1,"KIAA0319L"
0.977501499764345,-1.06038090822971,0.279,0.26,1,"FOXO3B"
0.981534577620796,0.629952551704366,0.328,0.329,1,"TPTE2P5"
0.982418347067222,0.565359946893077,0.393,0.412,1,"C19orf12"
0.985289203958325,-0.940098648063098,0.311,0.267,1,"LOC100132832"
0.985995585021243,-0.502842769381561,0.311,0.292,1,"GOLGA8A"
0.991915139327779,1.00044496224867,0.361,0.392,1,"HELZ2"
0.993730923695418,-0.545024337276994,0.508,0.506,1,"PRELID2"
0.995630765940022,-0.696479661310185,0.377,0.332,1,"SLC25A13"
